<?xml version="1.0" standalone="yes"?>
<order_data_all>
  <order_meta order_id="119">
    <order_date>2020-09-05</order_date>
    <orderdetail>
      <Orderdetails>
        <OrderID>119</OrderID>
        <OrderItems>
          <Item1>+ tomato</Item1>
          <Item2>+ tomato</Item2>
          <Item3>+ onion</Item3>
        </OrderItems>
        <Total>65.74</Total>
      </Orderdetails>
    </orderdetail>
    <orderitems item_id="27">
      <itname>+ ranch</itname>
      <itsize>u</itsize>
      <itcost>0.5</itcost>
    </orderitems>
    <ingredients ingredient_id="673">
      <inname>Cucumber</inname>
      <intype>Burger</intype>
    </ingredients>
  </order_meta>
  <order_meta order_id="124">
    <order_date>2021-02-13</order_date>
    <orderdetail>
      <Orderdetails>
        <OrderID>124</OrderID>
        <OrderItems>
          <Item1>Patty</Item1>
          <Item2>+ mustard</Item2>
          <Item3>+ mustard</Item3>
        </OrderItems>
        <Total>14.82</Total>
      </Orderdetails>
    </orderdetail>
    <orderitems item_id="19">
      <itname>Sprite</itname>
      <itsize>m</itsize>
      <itcost>3</itcost>
    </orderitems>
    <ingredients ingredient_id="135">
      <inname>Cola syrup</inname>
      <intype>Drink</intype>
    </ingredients>
  </order_meta>
  <order_meta order_id="104">
    <order_date>2020-01-29</order_date>
    <orderdetail>
      <Orderdetails>
        <OrderID>104</OrderID>
        <OrderItems>
          <Item1>+ mayo</Item1>
          <Item2>+ mayo</Item2>
          <Item3>+ mayo</Item3>
        </OrderItems>
        <Total>3.92</Total>
      </Orderdetails>
    </orderdetail>
    <orderitems item_id="56">
      <itname>Sprite</itname>
      <itsize>l</itsize>
      <itcost>4</itcost>
    </orderitems>
    <ingredients ingredient_id="658">
      <inname>Mustard</inname>
      <inalergic>M</inalergic>
      <intype>Burger</intype>
    </ingredients>
  </order_meta>
  <order_meta order_id="108">
    <order_date>2020-03-24</order_date>
    <orderdetail>
      <Orderdetails>
        <OrderID>108</OrderID>
        <OrderItems>
          <Item1>+ mustard</Item1>
          <Item2>Cola</Item2>
          <Item3>+ ketchup</Item3>
        </OrderItems>
        <Total>8.58</Total>
      </Orderdetails>
    </orderdetail>
    <orderitems item_id="17">
      <itname>Burgerbun</itname>
      <itsize>u</itsize>
      <itcost>0.5</itcost>
    </orderitems>
    <ingredients ingredient_id="740">
      <inname>Mushroom</inname>
      <intype>Burger</intype>
    </ingredients>
  </order_meta>
  <order_meta order_id="129">
    <order_date>2020-11-28</order_date>
    <orderdetail>
      <Orderdetails>
        <OrderID>129</OrderID>
        <OrderItems>
          <Item1>+ cheese</Item1>
          <Item2>+ bacon</Item2>
          <Item3>+ tomato</Item3>
        </OrderItems>
        <Total>19.14</Total>
      </Orderdetails>
    </orderdetail>
    <orderitems item_id="63">
      <itname>+ cucumber</itname>
      <itsize>u</itsize>
      <itcost>0.5</itcost>
    </orderitems>
    <ingredients ingredient_id="66">
      <inname>Cola syrup</inname>
      <intype>Drink</intype>
    </ingredients>
  </order_meta>
  <order_meta order_id="105">
    <order_date>2020-09-11</order_date>
    <orderdetail>
      <Orderdetails>
        <OrderID>105</OrderID>
        <OrderItems>
          <Item1>+ onion</Item1>
          <Item2>+ cheese</Item2>
          <Item3>+ ketchup</Item3>
        </OrderItems>
        <Total>77.58</Total>
      </Orderdetails>
    </orderdetail>
    <orderitems item_id="57">
      <itname>+ pickle</itname>
      <itsize>u</itsize>
      <itcost>0.5</itcost>
    </orderitems>
    <ingredients ingredient_id="440">
      <inname>Mayo</inname>
      <inalergic>C, G</inalergic>
      <intype>Burger</intype>
    </ingredients>
  </order_meta>
  <order_meta order_id="115">
    <order_date>2020-06-04</order_date>
    <orderdetail>
      <Orderdetails>
        <OrderID>115</OrderID>
        <OrderItems>
          <Item1>+ cheese</Item1>
          <Item2>+ mayo</Item2>
          <Item3>+ tomato</Item3>
        </OrderItems>
        <Total>49.22</Total>
      </Orderdetails>
    </orderdetail>
    <orderitems item_id="159">
      <itname>+ ranch</itname>
      <itsize>u</itsize>
      <itcost>0.5</itcost>
    </orderitems>
    <ingredients ingredient_id="761">
      <inname>Tomato</inname>
      <intype>Burger</intype>
    </ingredients>
  </order_meta>
  <order_meta order_id="120">
    <order_date>2020-04-23</order_date>
    <orderdetail>
      <Orderdetails>
        <OrderID>120</OrderID>
        <OrderItems>
          <Item1>+ tomato</Item1>
          <Item2>Wedges</Item2>
          <Item3>Fries</Item3>
        </OrderItems>
        <Total>50.35</Total>
      </Orderdetails>
    </orderdetail>
    <orderitems item_id="155">
      <itname>Sprite</itname>
      <itsize>s</itsize>
      <itcost>2</itcost>
    </orderitems>
    <ingredients ingredient_id="198">
      <inname>Ground meat</inname>
      <intype>Burger</intype>
    </ingredients>
  </order_meta>
  <order_meta order_id="107">
    <order_date>2020-08-27</order_date>
    <orderdetail>
      <Orderdetails>
        <OrderID>107</OrderID>
        <OrderItems>
          <Item1>+ cheese</Item1>
          <Item2>+ bacon</Item2>
          <Item3>+ onion</Item3>
        </OrderItems>
        <Total>64.99</Total>
      </Orderdetails>
    </orderdetail>
    <orderitems item_id="210">
      <itname>+ tomato</itname>
      <itsize>u</itsize>
      <itcost>0.5</itcost>
    </orderitems>
    <ingredients ingredient_id="587">
      <inname>Tomato</inname>
      <intype>Burger</intype>
    </ingredients>
  </order_meta>
  <order_meta order_id="121">
    <order_date>2020-01-11</order_date>
    <orderdetail>
      <Orderdetails>
        <OrderID>121</OrderID>
        <OrderItems>
          <Item1>+ mushroom</Item1>
          <Item2>+ bacon</Item2>
          <Item3>+ mushroom</Item3>
        </OrderItems>
        <Total>44.5</Total>
      </Orderdetails>
    </orderdetail>
    <orderitems item_id="203">
      <itname>+ pickle</itname>
      <itsize>u</itsize>
      <itcost>0.5</itcost>
    </orderitems>
    <ingredients ingredient_id="84">
      <inname>Lettuce</inname>
      <intype>Burger</intype>
    </ingredients>
  </order_meta>
  <order_meta order_id="127">
    <order_date>2020-05-24</order_date>
    <orderdetail>
      <Orderdetails>
        <OrderID>127</OrderID>
        <OrderItems>
          <Item1>+ cucumber</Item1>
          <Item2>Burgerbun</Item2>
          <Item3>+ lettuce</Item3>
        </OrderItems>
        <Total>31.88</Total>
      </Orderdetails>
    </orderdetail>
    <orderitems item_id="318">
      <itname>Burgerbun</itname>
      <itsize>u</itsize>
      <itcost>0.5</itcost>
    </orderitems>
    <ingredients ingredient_id="235">
      <inname>Bacon</inname>
      <intype>Burger</intype>
    </ingredients>
  </order_meta>
  <order_meta order_id="114">
    <order_date>2020-07-27</order_date>
    <orderdetail>
      <Orderdetails>
        <OrderID>114</OrderID>
        <OrderItems>
          <Item1>Fries</Item1>
          <Item2>+ mushroom</Item2>
          <Item3>+ mayo</Item3>
        </OrderItems>
        <Total>58.04</Total>
      </Orderdetails>
    </orderdetail>
    <orderitems item_id="248">
      <itname>Cola</itname>
      <itsize>s</itsize>
      <itcost>2</itcost>
    </orderitems>
    <ingredients ingredient_id="319">
      <inname>Sprite syrup</inname>
      <intype>Drink</intype>
    </ingredients>
  </order_meta>
  <order_meta order_id="106">
    <order_date>2020-11-21</order_date>
    <orderdetail>
      <Orderdetails>
        <OrderID>106</OrderID>
        <OrderItems>
          <Item1>+ cheese</Item1>
          <Item2>Cola</Item2>
          <Item3>+ cheese</Item3>
        </OrderItems>
        <Total>75.37</Total>
      </Orderdetails>
    </orderdetail>
    <orderitems item_id="494">
      <itname>Fanta</itname>
      <itsize>s</itsize>
      <itcost>2</itcost>
    </orderitems>
    <ingredients ingredient_id="414">
      <inname>Sprite syrup</inname>
      <intype>Drink</intype>
    </ingredients>
  </order_meta>
  <order_meta order_id="109">
    <order_date>2020-08-12</order_date>
    <orderdetail>
      <Orderdetails>
        <OrderID>109</OrderID>
        <OrderItems>
          <Item1>+ ketchup</Item1>
          <Item2>+ onion</Item2>
          <Item3>+ onion</Item3>
        </OrderItems>
        <Total>64.09</Total>
      </Orderdetails>
    </orderdetail>
    <orderitems item_id="416">
      <itname>+ lettuce</itname>
      <itsize>u</itsize>
      <itcost>0.5</itcost>
    </orderitems>
    <ingredients ingredient_id="13">
      <inname>Ketchup</inname>
      <intype>Burger</intype>
    </ingredients>
  </order_meta>
  <order_meta order_id="112">
    <order_date>2021-01-24</order_date>
    <orderdetail>
      <Orderdetails>
        <OrderID>112</OrderID>
        <OrderItems>
          <Item1>Wedges</Item1>
          <Item2>+ cheese</Item2>
          <Item3>+ lettuce</Item3>
        </OrderItems>
        <Total>67.05</Total>
      </Orderdetails>
    </orderdetail>
    <orderitems item_id="444">
      <itname>+ lettuce</itname>
      <itsize>u</itsize>
      <itcost>0.5</itcost>
    </orderitems>
    <ingredients ingredient_id="705">
      <inname>Potato</inname>
      <intype>Side dish</intype>
    </ingredients>
  </order_meta>
  <order_meta order_id="126">
    <order_date>2020-04-03</order_date>
    <orderdetail>
      <Orderdetails>
        <OrderID>126</OrderID>
        <OrderItems>
          <Item1>+ ranch</Item1>
          <Item2>Fries</Item2>
          <Item3>+ cucumber</Item3>
        </OrderItems>
        <Total>17.76</Total>
      </Orderdetails>
    </orderdetail>
    <orderitems item_id="445">
      <itname>+ mushroom</itname>
      <itsize>u</itsize>
      <itcost>0.5</itcost>
    </orderitems>
    <ingredients ingredient_id="763">
      <inname>Cheese</inname>
      <inalergic>G</inalergic>
      <intype>Burger</intype>
    </ingredients>
  </order_meta>
  <order_meta order_id="116">
    <order_date>2020-07-06</order_date>
    <orderdetail>
      <Orderdetails>
        <OrderID>116</OrderID>
        <OrderItems>
          <Item1>+ pickle</Item1>
          <Item2>+ bacon</Item2>
          <Item3>Wedges</Item3>
        </OrderItems>
        <Total>1.98</Total>
      </Orderdetails>
    </orderdetail>
    <orderitems item_id="484">
      <itname>Wedges</itname>
      <itsize>s</itsize>
      <itcost>2</itcost>
    </orderitems>
    <ingredients ingredient_id="249">
      <inname>Potato</inname>
      <intype>Side dish</intype>
    </ingredients>
  </order_meta>
  <order_meta order_id="123">
    <order_date>2020-06-07</order_date>
    <orderdetail>
      <Orderdetails>
        <OrderID>123</OrderID>
        <OrderItems>
          <Item1>+ ranch</Item1>
          <Item2>Patty</Item2>
          <Item3>+ mayo</Item3>
        </OrderItems>
        <Total>70.24</Total>
      </Orderdetails>
    </orderdetail>
    <orderitems item_id="552">
      <itname>+ onion</itname>
      <itsize>u</itsize>
      <itcost>0.5</itcost>
    </orderitems>
    <ingredients ingredient_id="114">
      <inname>Water</inname>
      <intype>Drink</intype>
    </ingredients>
  </order_meta>
  <order_meta order_id="110">
    <order_date>2021-03-23</order_date>
    <orderdetail>
      <Orderdetails>
        <OrderID>110</OrderID>
        <OrderItems>
          <Item1>+ pickle</Item1>
          <Item2>Fanta</Item2>
          <Item3>Sprite</Item3>
        </OrderItems>
        <Total>18.31</Total>
      </Orderdetails>
    </orderdetail>
    <orderitems item_id="536">
      <itname>+ lettuce</itname>
      <itsize>u</itsize>
      <itcost>0.5</itcost>
    </orderitems>
    <ingredients ingredient_id="211">
      <inname>Cheese</inname>
      <inalergic>G</inalergic>
      <intype>Burger</intype>
    </ingredients>
  </order_meta>
  <order_meta order_id="122">
    <order_date>2021-03-06</order_date>
    <orderdetail>
      <Orderdetails>
        <OrderID>122</OrderID>
        <OrderItems>
          <Item1>+ onion</Item1>
          <Item2>+ bacon</Item2>
          <Item3>Sprite</Item3>
        </OrderItems>
        <Total>3.76</Total>
      </Orderdetails>
    </orderdetail>
    <orderitems item_id="631">
      <itname>Fries</itname>
      <itsize>l</itsize>
      <itcost>4</itcost>
    </orderitems>
    <ingredients ingredient_id="560">
      <inname>Potato</inname>
      <intype>Side dish</intype>
    </ingredients>
  </order_meta>
  <order_meta order_id="128">
    <order_date>2021-01-23</order_date>
    <orderdetail>
      <Orderdetails>
        <OrderID>128</OrderID>
        <OrderItems>
          <Item1>+ mushroom</Item1>
          <Item2>Burgerbun</Item2>
          <Item3>+ pickle</Item3>
        </OrderItems>
        <Total>27.09</Total>
      </Orderdetails>
    </orderdetail>
    <orderitems item_id="677">
      <itname>+ tomato</itname>
      <itsize>u</itsize>
      <itcost>0.5</itcost>
    </orderitems>
    <ingredients ingredient_id="419">
      <inname>Tomato</inname>
      <intype>Burger</intype>
    </ingredients>
  </order_meta>
  <order_meta order_id="103">
    <order_date>2020-12-14</order_date>
    <orderdetail>
      <Orderdetails>
        <OrderID>103</OrderID>
        <OrderItems>
          <Item1>Burgerbun</Item1>
          <Item2>+ mushroom</Item2>
          <Item3>Wedges</Item3>
        </OrderItems>
        <Total>6.27</Total>
      </Orderdetails>
    </orderdetail>
    <orderitems item_id="677">
      <itname>+ tomato</itname>
      <itsize>u</itsize>
      <itcost>0.5</itcost>
    </orderitems>
    <ingredients ingredient_id="419">
      <inname>Tomato</inname>
      <intype>Burger</intype>
    </ingredients>
  </order_meta>
  <order_meta order_id="117">
    <order_date>2020-11-01</order_date>
    <orderdetail>
      <Orderdetails>
        <OrderID>117</OrderID>
        <OrderItems>
          <Item1>+ lettuce</Item1>
          <Item2>Sprite</Item2>
          <Item3>+ cucumber</Item3>
        </OrderItems>
        <Total>7.33</Total>
      </Orderdetails>
    </orderdetail>
    <orderitems item_id="714">
      <itname>+ mushroom</itname>
      <itsize>u</itsize>
      <itcost>0.5</itcost>
    </orderitems>
    <ingredients ingredient_id="349">
      <inname>Sprite syrup</inname>
      <intype>Drink</intype>
    </ingredients>
  </order_meta>
  <order_meta order_id="118">
    <order_date>2020-01-11</order_date>
    <orderdetail>
      <Orderdetails>
        <OrderID>118</OrderID>
        <OrderItems>
          <Item1>+ onion</Item1>
          <Item2>Sprite</Item2>
          <Item3>Water</Item3>
        </OrderItems>
        <Total>62.47</Total>
      </Orderdetails>
    </orderdetail>
    <orderitems item_id="725">
      <itname>+ cucumber</itname>
      <itsize>u</itsize>
      <itcost>0.5</itcost>
    </orderitems>
    <ingredients ingredient_id="393">
      <inname>Mushroom</inname>
      <intype>Burger</intype>
    </ingredients>
  </order_meta>
  <order_meta order_id="102">
    <order_date>2021-02-17</order_date>
    <orderdetail>
      <Orderdetails>
        <OrderID>102</OrderID>
        <OrderItems>
          <Item1>Cola</Item1>
          <Item2>+ onion</Item2>
          <Item3>+ mayo</Item3>
        </OrderItems>
        <Total>59.54</Total>
      </Orderdetails>
    </orderdetail>
    <orderitems item_id="640">
      <itname>Wedges</itname>
      <itsize>s</itsize>
      <itcost>2</itcost>
    </orderitems>
    <ingredients ingredient_id="160">
      <inname>Cucumber</inname>
      <intype>Burger</intype>
    </ingredients>
  </order_meta>
  <order_meta order_id="125">
    <order_date>2021-03-30</order_date>
    <orderdetail>
      <Orderdetails>
        <OrderID>125</OrderID>
        <OrderItems>
          <Item1>+ mushroom</Item1>
          <Item2>Burgerbun</Item2>
          <Item3>+ tomato</Item3>
        </OrderItems>
        <Total>16.55</Total>
      </Orderdetails>
    </orderdetail>
    <orderitems item_id="706">
      <itname>Cola</itname>
      <itsize>l</itsize>
      <itcost>4</itcost>
    </orderitems>
    <ingredients ingredient_id="674">
      <inname>Sprite syrup</inname>
      <intype>Drink</intype>
    </ingredients>
  </order_meta>
  <order_meta order_id="113">
    <order_date>2021-02-04</order_date>
    <orderdetail>
      <Orderdetails>
        <OrderID>113</OrderID>
        <OrderItems>
          <Item1>+ onion</Item1>
          <Item2>+ pickle</Item2>
          <Item3>+ bacon</Item3>
        </OrderItems>
        <Total>17.52</Total>
      </Orderdetails>
    </orderdetail>
    <orderitems item_id="358">
      <itname>Cola</itname>
      <itsize>m</itsize>
      <itcost>3</itcost>
    </orderitems>
    <ingredients ingredient_id="69">
      <inname>Lettuce</inname>
      <intype>Burger</intype>
    </ingredients>
  </order_meta>
  <order_meta order_id="111">
    <order_date>2020-12-19</order_date>
    <orderdetail>
      <Orderdetails>
        <OrderID>111</OrderID>
        <OrderItems>
          <Item1>+ mustard</Item1>
          <Item2>+ tomato</Item2>
          <Item3>+ cheese</Item3>
        </OrderItems>
        <Total>18.3</Total>
      </Orderdetails>
    </orderdetail>
    <orderitems item_id="361">
      <itname>Burgerbun</itname>
      <itsize>u</itsize>
      <itcost>0.5</itcost>
    </orderitems>
    <ingredients ingredient_id="130">
      <inname>Cucumber</inname>
      <intype>Burger</intype>
    </ingredients>
  </order_meta>
  <order_meta order_id="130">
    <order_date>2020-11-07</order_date>
    <orderdetail>
      <Orderdetails>
        <OrderID>130</OrderID>
        <OrderItems>
          <Item1>+ cheese</Item1>
          <Item2>+ cucumber</Item2>
          <Item3>+ mushroom</Item3>
        </OrderItems>
        <Total>14.87</Total>
      </Orderdetails>
    </orderdetail>
    <orderitems item_id="427">
      <itname>Burgerbun</itname>
      <itsize>u</itsize>
      <itcost>0.5</itcost>
    </orderitems>
    <ingredients ingredient_id="39">
      <inname>Ketchup</inname>
      <intype>Burger</intype>
    </ingredients>
  </order_meta>
  <order_meta order_id="101">
    <order_date>2020-01-22</order_date>
    <orderdetail>
      <Orderdetails>
        <OrderID>101</OrderID>
        <OrderItems>
          <Item1>+ mustard</Item1>
          <Item2>Patty</Item2>
          <Item3>+ tomato</Item3>
        </OrderItems>
        <Total>29.32</Total>
      </Orderdetails>
    </orderdetail>
    <orderitems item_id="366">
      <itname>+ ranch</itname>
      <itsize>u</itsize>
      <itcost>0.5</itcost>
    </orderitems>
    <ingredients ingredient_id="570">
      <inname>Bacon</inname>
      <intype>Burger</intype>
    </ingredients>
  </order_meta>
</order_data_all>
