<?xml version="1.0" standalone="yes"?>
<orderitem_burgerbun>
  <orderitem_deepdive>
    <orderitem_meta>
      <item_id>354</item_id>
      <itname>Burgerbun</itname>
      <itsize>u</itsize>
      <itcost>0.5</itcost>
    </orderitem_meta>
    <ingredient_info>
      <ingredient>
        <inname>Potato</inname>
        <intype>Side dish</intype>
      </ingredient>
      <stock_status>
        <stock_info>
          <scurrent>31</scurrent>
          <snew>23</snew>
          <smaxcapa>50</smaxcapa>
        </stock_info>
      </stock_status>
    </ingredient_info>
  </orderitem_deepdive>
  <orderitem_deepdive>
    <orderitem_meta>
      <item_id>427</item_id>
      <itname>Burgerbun</itname>
      <itsize>u</itsize>
      <itcost>0.5</itcost>
    </orderitem_meta>
    <ingredient_info>
      <ingredient>
        <inname>Ketchup</inname>
        <intype>Burger</intype>
      </ingredient>
      <stock_status>
        <stock_info>
          <scurrent>9</scurrent>
          <snew>34</snew>
          <smaxcapa>40</smaxcapa>
        </stock_info>
      </stock_status>
    </ingredient_info>
  </orderitem_deepdive>
  <orderitem_deepdive>
    <orderitem_meta>
      <item_id>182</item_id>
      <itname>Burgerbun</itname>
      <itsize>u</itsize>
      <itcost>0.5</itcost>
    </orderitem_meta>
    <ingredient_info>
      <ingredient>
        <inname>Ground meat</inname>
        <intype>Burger</intype>
      </ingredient>
      <stock_status>
        <stock_info>
          <scurrent>4</scurrent>
          <snew>43</snew>
          <smaxcapa>2</smaxcapa>
        </stock_info>
      </stock_status>
    </ingredient_info>
  </orderitem_deepdive>
  <orderitem_deepdive>
    <orderitem_meta>
      <item_id>309</item_id>
      <itname>Burgerbun</itname>
      <itsize>u</itsize>
      <itcost>0.5</itcost>
    </orderitem_meta>
    <ingredient_info>
      <ingredient>
        <inname>Fanta syrup</inname>
        <intype>Drink</intype>
      </ingredient>
      <stock_status>
        <stock_info>
          <scurrent>13</scurrent>
          <snew>3</snew>
          <smaxcapa>40</smaxcapa>
        </stock_info>
      </stock_status>
    </ingredient_info>
  </orderitem_deepdive>
  <orderitem_deepdive>
    <orderitem_meta>
      <item_id>92</item_id>
      <itname>Burgerbun</itname>
      <itsize>u</itsize>
      <itcost>0.5</itcost>
    </orderitem_meta>
    <ingredient_info>
      <ingredient>
        <inname>Water</inname>
        <intype>Drink</intype>
      </ingredient>
      <stock_status>
        <stock_info>
          <scurrent>18</scurrent>
          <snew>10</snew>
          <smaxcapa>30</smaxcapa>
        </stock_info>
      </stock_status>
    </ingredient_info>
  </orderitem_deepdive>
  <orderitem_deepdive>
    <orderitem_meta>
      <item_id>702</item_id>
      <itname>Burgerbun</itname>
      <itsize>u</itsize>
      <itcost>0.5</itcost>
    </orderitem_meta>
    <ingredient_info>
      <ingredient>
        <inname>Pickle</inname>
        <intype>Burger</intype>
      </ingredient>
      <stock_status>
        <stock_info>
          <scurrent>12</scurrent>
          <snew>37</snew>
          <smaxcapa>30</smaxcapa>
        </stock_info>
      </stock_status>
    </ingredient_info>
  </orderitem_deepdive>
  <orderitem_deepdive>
    <orderitem_meta>
      <item_id>434</item_id>
      <itname>Burgerbun</itname>
      <itsize>u</itsize>
      <itcost>0.5</itcost>
    </orderitem_meta>
    <ingredient_info>
      <ingredient>
        <inname>Cucumber</inname>
        <intype>Burger</intype>
      </ingredient>
      <stock_status>
        <stock_info>
          <scurrent>3</scurrent>
          <snew>10</snew>
          <smaxcapa>50</smaxcapa>
        </stock_info>
      </stock_status>
    </ingredient_info>
  </orderitem_deepdive>
  <orderitem_deepdive>
    <orderitem_meta>
      <item_id>361</item_id>
      <itname>Burgerbun</itname>
      <itsize>u</itsize>
      <itcost>0.5</itcost>
    </orderitem_meta>
    <ingredient_info>
      <ingredient>
        <inname>Cucumber</inname>
        <intype>Burger</intype>
      </ingredient>
      <stock_status>
        <stock_info>
          <scurrent>34</scurrent>
          <snew>31</snew>
          <smaxcapa>10</smaxcapa>
        </stock_info>
      </stock_status>
    </ingredient_info>
  </orderitem_deepdive>
  <orderitem_deepdive>
    <orderitem_meta>
      <item_id>205</item_id>
      <itname>Burgerbun</itname>
      <itsize>u</itsize>
      <itcost>0.5</itcost>
    </orderitem_meta>
    <ingredient_info>
      <ingredient>
        <inname>Cheese</inname>
        <inalergic>G</inalergic>
        <intype>Burger</intype>
      </ingredient>
      <stock_status>
        <stock_info>
          <scurrent>41</scurrent>
          <snew>34</snew>
          <smaxcapa>20</smaxcapa>
        </stock_info>
      </stock_status>
    </ingredient_info>
  </orderitem_deepdive>
  <orderitem_deepdive>
    <orderitem_meta>
      <item_id>708</item_id>
      <itname>Burgerbun</itname>
      <itsize>u</itsize>
      <itcost>0.5</itcost>
    </orderitem_meta>
    <ingredient_info>
      <ingredient>
        <inname>Potato</inname>
        <intype>Side dish</intype>
      </ingredient>
      <stock_status>
        <stock_info>
          <scurrent>49</scurrent>
          <snew>43</snew>
          <smaxcapa>20</smaxcapa>
        </stock_info>
      </stock_status>
    </ingredient_info>
  </orderitem_deepdive>
  <orderitem_deepdive>
    <orderitem_meta>
      <item_id>483</item_id>
      <itname>Burgerbun</itname>
      <itsize>u</itsize>
      <itcost>0.5</itcost>
    </orderitem_meta>
    <ingredient_info>
      <ingredient>
        <inname>Mayo</inname>
        <inalergic>C, G</inalergic>
        <intype>Burger</intype>
      </ingredient>
      <stock_status>
        <stock_info>
          <scurrent>48</scurrent>
          <snew>24</snew>
          <smaxcapa>40</smaxcapa>
        </stock_info>
      </stock_status>
    </ingredient_info>
  </orderitem_deepdive>
  <orderitem_deepdive>
    <orderitem_meta>
      <item_id>681</item_id>
      <itname>Burgerbun</itname>
      <itsize>u</itsize>
      <itcost>0.5</itcost>
    </orderitem_meta>
    <ingredient_info>
      <ingredient>
        <inname>Bacon</inname>
        <intype>Burger</intype>
      </ingredient>
      <stock_status>
        <stock_info>
          <scurrent>21</scurrent>
          <snew>29</snew>
          <smaxcapa>10</smaxcapa>
        </stock_info>
      </stock_status>
    </ingredient_info>
  </orderitem_deepdive>
  <orderitem_deepdive>
    <orderitem_meta>
      <item_id>126</item_id>
      <itname>Burgerbun</itname>
      <itsize>u</itsize>
      <itcost>0.5</itcost>
    </orderitem_meta>
    <ingredient_info>
      <ingredient>
        <inname>Cucumber</inname>
        <intype>Burger</intype>
      </ingredient>
      <stock_status>
        <stock_info>
          <scurrent>25</scurrent>
          <snew>34</snew>
          <smaxcapa>40</smaxcapa>
        </stock_info>
      </stock_status>
    </ingredient_info>
  </orderitem_deepdive>
  <orderitem_deepdive>
    <orderitem_meta>
      <item_id>369</item_id>
      <itname>Burgerbun</itname>
      <itsize>u</itsize>
      <itcost>0.5</itcost>
    </orderitem_meta>
    <ingredient_info>
      <ingredient>
        <inname>Ground meat</inname>
        <intype>Burger</intype>
      </ingredient>
      <stock_status>
        <stock_info>
          <scurrent>19</scurrent>
          <snew>43</snew>
          <smaxcapa>5</smaxcapa>
        </stock_info>
      </stock_status>
    </ingredient_info>
  </orderitem_deepdive>
  <orderitem_deepdive>
    <orderitem_meta>
      <item_id>721</item_id>
      <itname>Burgerbun</itname>
      <itsize>u</itsize>
      <itcost>0.5</itcost>
    </orderitem_meta>
    <ingredient_info>
      <ingredient>
        <inname>Ground meat</inname>
        <intype>Burger</intype>
      </ingredient>
      <stock_status>
        <stock_info>
          <scurrent>3</scurrent>
          <snew>10</snew>
          <smaxcapa>50</smaxcapa>
        </stock_info>
      </stock_status>
    </ingredient_info>
  </orderitem_deepdive>
  <orderitem_deepdive>
    <orderitem_meta>
      <item_id>318</item_id>
      <itname>Burgerbun</itname>
      <itsize>u</itsize>
      <itcost>0.5</itcost>
    </orderitem_meta>
    <ingredient_info>
      <ingredient>
        <inname>Bacon</inname>
        <intype>Burger</intype>
      </ingredient>
      <stock_status>
        <stock_info>
          <scurrent>19</scurrent>
          <snew>47</snew>
          <smaxcapa>20</smaxcapa>
        </stock_info>
      </stock_status>
    </ingredient_info>
  </orderitem_deepdive>
  <orderitem_deepdive>
    <orderitem_meta>
      <item_id>374</item_id>
      <itname>Burgerbun</itname>
      <itsize>u</itsize>
      <itcost>0.5</itcost>
    </orderitem_meta>
    <ingredient_info>
      <ingredient>
        <inname>Cucumber</inname>
        <intype>Burger</intype>
      </ingredient>
      <stock_status>
        <stock_info>
          <scurrent>9</scurrent>
          <snew>43</snew>
          <smaxcapa>5</smaxcapa>
        </stock_info>
      </stock_status>
    </ingredient_info>
  </orderitem_deepdive>
  <orderitem_deepdive>
    <orderitem_meta>
      <item_id>647</item_id>
      <itname>Burgerbun</itname>
      <itsize>u</itsize>
      <itcost>0.5</itcost>
    </orderitem_meta>
    <ingredient_info>
      <ingredient>
        <inname>Pickle</inname>
        <intype>Burger</intype>
      </ingredient>
      <stock_status>
        <stock_info>
          <scurrent>0</scurrent>
          <snew>47</snew>
          <smaxcapa>10</smaxcapa>
        </stock_info>
      </stock_status>
    </ingredient_info>
  </orderitem_deepdive>
  <orderitem_deepdive>
    <orderitem_meta>
      <item_id>450</item_id>
      <itname>Burgerbun</itname>
      <itsize>u</itsize>
      <itcost>0.5</itcost>
    </orderitem_meta>
    <ingredient_info>
      <ingredient>
        <inname>Fanta syrup</inname>
        <intype>Drink</intype>
      </ingredient>
      <stock_status>
        <stock_info>
          <scurrent>33</scurrent>
          <snew>12</snew>
          <smaxcapa>20</smaxcapa>
        </stock_info>
      </stock_status>
    </ingredient_info>
  </orderitem_deepdive>
  <orderitem_deepdive>
    <orderitem_meta>
      <item_id>399</item_id>
      <itname>Burgerbun</itname>
      <itsize>u</itsize>
      <itcost>0.5</itcost>
    </orderitem_meta>
    <ingredient_info>
      <ingredient>
        <inname>Cola syrup</inname>
        <intype>Drink</intype>
      </ingredient>
      <stock_status>
        <stock_info>
          <scurrent>31</scurrent>
          <snew>34</snew>
          <smaxcapa>40</smaxcapa>
        </stock_info>
      </stock_status>
    </ingredient_info>
  </orderitem_deepdive>
  <orderitem_deepdive>
    <orderitem_meta>
      <item_id>515</item_id>
      <itname>Burgerbun</itname>
      <itsize>u</itsize>
      <itcost>0.5</itcost>
    </orderitem_meta>
    <ingredient_info>
      <ingredient>
        <inname>Fanta syrup</inname>
        <intype>Drink</intype>
      </ingredient>
      <stock_status>
        <stock_info>
          <scurrent>6</scurrent>
          <snew>19</snew>
          <smaxcapa>40</smaxcapa>
        </stock_info>
      </stock_status>
    </ingredient_info>
  </orderitem_deepdive>
  <orderitem_deepdive>
    <orderitem_meta>
      <item_id>693</item_id>
      <itname>Burgerbun</itname>
      <itsize>u</itsize>
      <itcost>0.5</itcost>
    </orderitem_meta>
    <ingredient_info>
      <ingredient>
        <inname>Water</inname>
        <intype>Drink</intype>
      </ingredient>
      <stock_status>
        <stock_info>
          <scurrent>6</scurrent>
          <snew>16</snew>
          <smaxcapa>50</smaxcapa>
        </stock_info>
      </stock_status>
    </ingredient_info>
  </orderitem_deepdive>
  <orderitem_deepdive>
    <orderitem_meta>
      <item_id>654</item_id>
      <itname>Burgerbun</itname>
      <itsize>u</itsize>
      <itcost>0.5</itcost>
    </orderitem_meta>
    <ingredient_info>
      <ingredient>
        <inname>Sprite syrup</inname>
        <intype>Drink</intype>
      </ingredient>
      <stock_status>
        <stock_info>
          <scurrent>35</scurrent>
          <snew>45</snew>
          <smaxcapa>10</smaxcapa>
        </stock_info>
      </stock_status>
    </ingredient_info>
  </orderitem_deepdive>
  <orderitem_deepdive>
    <orderitem_meta>
      <item_id>102</item_id>
      <itname>Burgerbun</itname>
      <itsize>u</itsize>
      <itcost>0.5</itcost>
    </orderitem_meta>
    <ingredient_info>
      <ingredient>
        <inname>Sprite syrup</inname>
        <intype>Drink</intype>
      </ingredient>
      <stock_status>
        <stock_info>
          <scurrent>2</scurrent>
          <snew>42</snew>
          <smaxcapa>5</smaxcapa>
        </stock_info>
      </stock_status>
    </ingredient_info>
  </orderitem_deepdive>
  <orderitem_deepdive>
    <orderitem_meta>
      <item_id>117</item_id>
      <itname>Burgerbun</itname>
      <itsize>u</itsize>
      <itcost>0.5</itcost>
    </orderitem_meta>
    <ingredient_info>
      <ingredient>
        <inname>Cola syrup</inname>
        <intype>Drink</intype>
      </ingredient>
      <stock_status>
        <stock_info>
          <scurrent>0</scurrent>
          <snew>47</snew>
          <smaxcapa>10</smaxcapa>
        </stock_info>
      </stock_status>
    </ingredient_info>
  </orderitem_deepdive>
  <orderitem_deepdive>
    <orderitem_meta>
      <item_id>684</item_id>
      <itname>Burgerbun</itname>
      <itsize>u</itsize>
      <itcost>0.5</itcost>
    </orderitem_meta>
    <ingredient_info>
      <ingredient>
        <inname>Lettuce</inname>
        <intype>Burger</intype>
      </ingredient>
      <stock_status>
        <stock_info>
          <scurrent>19</scurrent>
          <snew>42</snew>
          <smaxcapa>2</smaxcapa>
        </stock_info>
      </stock_status>
    </ingredient_info>
  </orderitem_deepdive>
  <orderitem_deepdive>
    <orderitem_meta>
      <item_id>581</item_id>
      <itname>Burgerbun</itname>
      <itsize>u</itsize>
      <itcost>0.5</itcost>
    </orderitem_meta>
    <ingredient_info>
      <ingredient>
        <inname>Onion</inname>
        <intype>Burger</intype>
      </ingredient>
      <stock_status>
        <stock_info>
          <scurrent>10</scurrent>
          <snew>32</snew>
          <smaxcapa>10</smaxcapa>
        </stock_info>
      </stock_status>
    </ingredient_info>
  </orderitem_deepdive>
  <orderitem_deepdive>
    <orderitem_meta>
      <item_id>237</item_id>
      <itname>Burgerbun</itname>
      <itsize>u</itsize>
      <itcost>0.5</itcost>
    </orderitem_meta>
    <ingredient_info>
      <ingredient>
        <inname>Ketchup</inname>
        <intype>Burger</intype>
      </ingredient>
      <stock_status>
        <stock_info>
          <scurrent>46</scurrent>
          <snew>21</snew>
          <smaxcapa>2</smaxcapa>
        </stock_info>
      </stock_status>
    </ingredient_info>
  </orderitem_deepdive>
  <orderitem_deepdive>
    <orderitem_meta>
      <item_id>438</item_id>
      <itname>Burgerbun</itname>
      <itsize>u</itsize>
      <itcost>0.5</itcost>
    </orderitem_meta>
    <ingredient_info>
      <ingredient>
        <inname>Bacon</inname>
        <intype>Burger</intype>
      </ingredient>
      <stock_status>
        <stock_info>
          <scurrent>10</scurrent>
          <snew>2</snew>
          <smaxcapa>50</smaxcapa>
        </stock_info>
      </stock_status>
    </ingredient_info>
  </orderitem_deepdive>
  <orderitem_deepdive>
    <orderitem_meta>
      <item_id>641</item_id>
      <itname>Burgerbun</itname>
      <itsize>u</itsize>
      <itcost>0.5</itcost>
    </orderitem_meta>
    <ingredient_info>
      <ingredient>
        <inname>Mushroom</inname>
        <intype>Burger</intype>
      </ingredient>
      <stock_status>
        <stock_info>
          <scurrent>21</scurrent>
          <snew>45</snew>
          <smaxcapa>40</smaxcapa>
        </stock_info>
      </stock_status>
    </ingredient_info>
  </orderitem_deepdive>
  <orderitem_deepdive>
    <orderitem_meta>
      <item_id>228</item_id>
      <itname>Burgerbun</itname>
      <itsize>u</itsize>
      <itcost>0.5</itcost>
    </orderitem_meta>
    <ingredient_info>
      <ingredient>
        <inname>Ketchup</inname>
        <intype>Burger</intype>
      </ingredient>
      <stock_status>
        <stock_info>
          <scurrent>36</scurrent>
          <snew>11</snew>
          <smaxcapa>50</smaxcapa>
        </stock_info>
      </stock_status>
    </ingredient_info>
  </orderitem_deepdive>
  <orderitem_deepdive>
    <orderitem_meta>
      <item_id>458</item_id>
      <itname>Burgerbun</itname>
      <itsize>u</itsize>
      <itcost>0.5</itcost>
    </orderitem_meta>
    <ingredient_info>
      <ingredient>
        <inname>Lettuce</inname>
        <intype>Burger</intype>
      </ingredient>
      <stock_status>
        <stock_info>
          <scurrent>10</scurrent>
          <snew>36</snew>
          <smaxcapa>50</smaxcapa>
        </stock_info>
      </stock_status>
    </ingredient_info>
  </orderitem_deepdive>
  <orderitem_deepdive>
    <orderitem_meta>
      <item_id>406</item_id>
      <itname>Burgerbun</itname>
      <itsize>u</itsize>
      <itcost>0.5</itcost>
    </orderitem_meta>
    <ingredient_info>
      <ingredient>
        <inname>Ground meat</inname>
        <intype>Burger</intype>
      </ingredient>
      <stock_status>
        <stock_info>
          <scurrent>12</scurrent>
          <snew>37</snew>
          <smaxcapa>30</smaxcapa>
        </stock_info>
      </stock_status>
    </ingredient_info>
  </orderitem_deepdive>
  <orderitem_deepdive>
    <orderitem_meta>
      <item_id>231</item_id>
      <itname>Burgerbun</itname>
      <itsize>u</itsize>
      <itcost>0.5</itcost>
    </orderitem_meta>
    <ingredient_info>
      <ingredient>
        <inname>Bacon</inname>
        <intype>Burger</intype>
      </ingredient>
      <stock_status>
        <stock_info>
          <scurrent>41</scurrent>
          <snew>31</snew>
          <smaxcapa>30</smaxcapa>
        </stock_info>
      </stock_status>
    </ingredient_info>
  </orderitem_deepdive>
  <orderitem_deepdive>
    <orderitem_meta>
      <item_id>313</item_id>
      <itname>Burgerbun</itname>
      <itsize>u</itsize>
      <itcost>0.5</itcost>
    </orderitem_meta>
    <ingredient_info>
      <ingredient>
        <inname>Pickle</inname>
        <intype>Burger</intype>
      </ingredient>
      <stock_status>
        <stock_info>
          <scurrent>11</scurrent>
          <snew>30</snew>
          <smaxcapa>2</smaxcapa>
        </stock_info>
      </stock_status>
    </ingredient_info>
  </orderitem_deepdive>
  <orderitem_deepdive>
    <orderitem_meta>
      <item_id>696</item_id>
      <itname>Burgerbun</itname>
      <itsize>u</itsize>
      <itcost>0.5</itcost>
    </orderitem_meta>
    <ingredient_info>
      <ingredient>
        <inname>Cucumber</inname>
        <intype>Burger</intype>
      </ingredient>
      <stock_status>
        <stock_info>
          <scurrent>33</scurrent>
          <snew>17</snew>
          <smaxcapa>5</smaxcapa>
        </stock_info>
      </stock_status>
    </ingredient_info>
  </orderitem_deepdive>
  <orderitem_deepdive>
    <orderitem_meta>
      <item_id>17</item_id>
      <itname>Burgerbun</itname>
      <itsize>u</itsize>
      <itcost>0.5</itcost>
    </orderitem_meta>
    <ingredient_info>
      <ingredient>
        <inname>Mushroom</inname>
        <intype>Burger</intype>
      </ingredient>
      <stock_status>
        <stock_info>
          <scurrent>0</scurrent>
          <snew>44</snew>
          <smaxcapa>2</smaxcapa>
        </stock_info>
      </stock_status>
    </ingredient_info>
  </orderitem_deepdive>
  <orderitem_deepdive>
    <orderitem_meta>
      <item_id>338</item_id>
      <itname>Burgerbun</itname>
      <itsize>u</itsize>
      <itcost>0.5</itcost>
    </orderitem_meta>
    <ingredient_info>
      <ingredient>
        <inname>Ranch</inname>
        <inalergic>C, G</inalergic>
        <intype>Burger</intype>
      </ingredient>
      <stock_status>
        <stock_info>
          <scurrent>46</scurrent>
          <snew>18</snew>
          <smaxcapa>2</smaxcapa>
        </stock_info>
      </stock_status>
    </ingredient_info>
  </orderitem_deepdive>
  <orderitem_deepdive>
    <orderitem_meta>
      <item_id>90</item_id>
      <itname>Burgerbun</itname>
      <itsize>u</itsize>
      <itcost>0.5</itcost>
    </orderitem_meta>
    <ingredient_info>
      <ingredient>
        <inname>Mayo</inname>
        <inalergic>C, G</inalergic>
        <intype>Burger</intype>
      </ingredient>
      <stock_status>
        <stock_info>
          <scurrent>4</scurrent>
          <snew>38</snew>
          <smaxcapa>30</smaxcapa>
        </stock_info>
      </stock_status>
    </ingredient_info>
  </orderitem_deepdive>
  <orderitem_deepdive>
    <orderitem_meta>
      <item_id>230</item_id>
      <itname>Burgerbun</itname>
      <itsize>u</itsize>
      <itcost>0.5</itcost>
    </orderitem_meta>
    <ingredient_info>
      <ingredient>
        <inname>Burgerbun</inname>
        <inalergic>A, C, G</inalergic>
        <intype>Burger</intype>
      </ingredient>
      <stock_status>
        <stock_info>
          <scurrent>33</scurrent>
          <snew>9</snew>
          <smaxcapa>20</smaxcapa>
        </stock_info>
      </stock_status>
    </ingredient_info>
  </orderitem_deepdive>
  <orderitem_deepdive>
    <orderitem_meta>
      <item_id>441</item_id>
      <itname>Burgerbun</itname>
      <itsize>u</itsize>
      <itcost>0.5</itcost>
    </orderitem_meta>
    <ingredient_info>
      <ingredient>
        <inname>Burgerbun</inname>
        <inalergic>A, C, G</inalergic>
        <intype>Burger</intype>
      </ingredient>
      <stock_status>
        <stock_info>
          <scurrent>1</scurrent>
          <snew>23</snew>
          <smaxcapa>40</smaxcapa>
        </stock_info>
      </stock_status>
    </ingredient_info>
  </orderitem_deepdive>
  <orderitem_deepdive>
    <orderitem_meta>
      <item_id>417</item_id>
      <itname>Burgerbun</itname>
      <itsize>u</itsize>
      <itcost>0.5</itcost>
    </orderitem_meta>
    <ingredient_info>
      <ingredient>
        <inname>Ranch</inname>
        <inalergic>C, G</inalergic>
        <intype>Burger</intype>
      </ingredient>
      <stock_status>
        <stock_info>
          <scurrent>22</scurrent>
          <snew>21</snew>
          <smaxcapa>50</smaxcapa>
        </stock_info>
      </stock_status>
    </ingredient_info>
  </orderitem_deepdive>
</orderitem_burgerbun>
