<?xml version="1.0" standalone="yes"?>
<robot_sandra>
  <robot_taskboard>
    <robot_info>
      <robot_id>342</robot_id>
      <rname>Sandra</rname>
      <rtype>stock_manager</rtype>
      <rfunction>ordering</rfunction>
    </robot_info>
    <delivery_info>
      <delivery>
        <delivery_id>670</delivery_id>
        <ddate>2020-06-11</ddate>
        <vendor>Cocacola Comp.</vendor>
        <damount>5</damount>
      </delivery>
      <stock_replenishment>
        <stock_info>
          <ingredient_id>378</ingredient_id>
          <scurrent>43</scurrent>
          <snew>43</snew>
          <smaxcapa>30</smaxcapa>
        </stock_info>
      </stock_replenishment>
    </delivery_info>
  </robot_taskboard>
  <robot_taskboard>
    <robot_info>
      <robot_id>326</robot_id>
      <rname>Sandra</rname>
      <rtype>stock_manager</rtype>
      <rfunction>ordering</rfunction>
    </robot_info>
    <delivery_info>
      <delivery>
        <delivery_id>470</delivery_id>
        <ddate>2021-03-19</ddate>
        <vendor>FreshMarket</vendor>
        <damount>3</damount>
      </delivery>
      <stock_replenishment>
        <stock_info>
          <ingredient_id>43</ingredient_id>
          <scurrent>40</scurrent>
          <snew>43</snew>
          <smaxcapa>10</smaxcapa>
        </stock_info>
      </stock_replenishment>
    </delivery_info>
  </robot_taskboard>
  <robot_taskboard>
    <robot_info>
      <robot_id>373</robot_id>
      <rname>Sandra</rname>
      <rtype>stock_manager</rtype>
      <rfunction>ordering</rfunction>
    </robot_info>
    <delivery_info>
      <delivery>
        <delivery_id>280</delivery_id>
        <ddate>2020-05-26</ddate>
        <vendor>Cocacola Comp.</vendor>
        <damount>14</damount>
      </delivery>
      <stock_replenishment>
        <stock_info>
          <ingredient_id>221</ingredient_id>
          <scurrent>29</scurrent>
          <snew>7</snew>
          <smaxcapa>50</smaxcapa>
        </stock_info>
      </stock_replenishment>
    </delivery_info>
  </robot_taskboard>
  <robot_taskboard>
    <robot_info>
      <robot_id>253</robot_id>
      <rname>Sandra</rname>
      <rtype>stock_manager</rtype>
      <rfunction>ordering</rfunction>
    </robot_info>
    <delivery_info>
      <delivery>
        <delivery_id>742</delivery_id>
        <ddate>2020-01-25</ddate>
        <vendor>FreshMarket</vendor>
        <damount>13</damount>
      </delivery>
      <stock_replenishment>
        <stock_info>
          <ingredient_id>245</ingredient_id>
          <scurrent>14</scurrent>
          <snew>30</snew>
          <smaxcapa>30</smaxcapa>
        </stock_info>
      </stock_replenishment>
    </delivery_info>
  </robot_taskboard>
  <robot_taskboard>
    <robot_info>
      <robot_id>220</robot_id>
      <rname>Sandra</rname>
      <rtype>stock_manager</rtype>
      <rfunction>ordering</rfunction>
    </robot_info>
    <delivery_info>
      <delivery>
        <delivery_id>645</delivery_id>
        <ddate>2020-12-18</ddate>
        <vendor>FreshMarket</vendor>
        <damount>2</damount>
      </delivery>
      <stock_replenishment>
        <stock_info>
          <ingredient_id>127</ingredient_id>
          <scurrent>47</scurrent>
          <snew>3</snew>
          <smaxcapa>5</smaxcapa>
        </stock_info>
      </stock_replenishment>
    </delivery_info>
  </robot_taskboard>
  <robot_taskboard>
    <robot_info>
      <robot_id>361</robot_id>
      <rname>Sandra</rname>
      <rtype>stock_manager</rtype>
      <rfunction>ordering</rfunction>
    </robot_info>
    <delivery_info>
      <delivery>
        <delivery_id>144</delivery_id>
        <ddate>2020-11-11</ddate>
        <vendor>Cocacola Comp.</vendor>
        <damount>4</damount>
      </delivery>
      <stock_replenishment>
        <stock_info>
          <ingredient_id>243</ingredient_id>
          <scurrent>39</scurrent>
          <snew>7</snew>
          <smaxcapa>40</smaxcapa>
        </stock_info>
      </stock_replenishment>
    </delivery_info>
  </robot_taskboard>
  <robot_taskboard>
    <robot_info>
      <robot_id>384</robot_id>
      <rname>Sandra</rname>
      <rtype>stock_manager</rtype>
      <rfunction>ordering</rfunction>
    </robot_info>
    <delivery_info>
      <delivery>
        <delivery_id>509</delivery_id>
        <ddate>2020-04-07</ddate>
        <vendor>Cocacola Comp.</vendor>
        <damount>2</damount>
      </delivery>
      <stock_replenishment>
        <stock_info>
          <ingredient_id>526</ingredient_id>
          <scurrent>22</scurrent>
          <snew>9</snew>
          <smaxcapa>2</smaxcapa>
        </stock_info>
      </stock_replenishment>
    </delivery_info>
  </robot_taskboard>
  <robot_taskboard>
    <robot_info>
      <robot_id>266</robot_id>
      <rname>Sandra</rname>
      <rtype>stock_manager</rtype>
      <rfunction>ordering</rfunction>
    </robot_info>
    <delivery_info>
      <delivery>
        <delivery_id>509</delivery_id>
        <ddate>2020-04-07</ddate>
        <vendor>Cocacola Comp.</vendor>
        <damount>2</damount>
      </delivery>
      <stock_replenishment>
        <stock_info>
          <ingredient_id>526</ingredient_id>
          <scurrent>22</scurrent>
          <snew>9</snew>
          <smaxcapa>2</smaxcapa>
        </stock_info>
      </stock_replenishment>
    </delivery_info>
  </robot_taskboard>
  <robot_taskboard>
    <robot_info>
      <robot_id>350</robot_id>
      <rname>Sandra</rname>
      <rtype>stock_manager</rtype>
      <rfunction>ordering</rfunction>
    </robot_info>
    <delivery_info>
      <delivery>
        <delivery_id>43</delivery_id>
        <ddate>2020-08-19</ddate>
        <vendor>Cocacola Comp.</vendor>
        <damount>8</damount>
      </delivery>
      <stock_replenishment>
        <stock_info>
          <ingredient_id>757</ingredient_id>
          <scurrent>21</scurrent>
          <snew>44</snew>
          <smaxcapa>50</smaxcapa>
        </stock_info>
      </stock_replenishment>
    </delivery_info>
  </robot_taskboard>
  <robot_taskboard>
    <robot_info>
      <robot_id>311</robot_id>
      <rname>Sandra</rname>
      <rtype>stock_manager</rtype>
      <rfunction>ordering</rfunction>
    </robot_info>
    <delivery_info>
      <delivery>
        <delivery_id>192</delivery_id>
        <ddate>2021-03-28</ddate>
        <vendor>Cocacola Comp.</vendor>
        <damount>8</damount>
      </delivery>
      <stock_replenishment>
        <stock_info>
          <ingredient_id>278</ingredient_id>
          <scurrent>28</scurrent>
          <snew>45</snew>
          <smaxcapa>30</smaxcapa>
        </stock_info>
      </stock_replenishment>
    </delivery_info>
  </robot_taskboard>
  <robot_taskboard>
    <robot_info>
      <robot_id>355</robot_id>
      <rname>Sandra</rname>
      <rtype>stock_manager</rtype>
      <rfunction>ordering</rfunction>
    </robot_info>
    <delivery_info>
      <delivery>
        <delivery_id>753</delivery_id>
        <ddate>2021-01-09</ddate>
        <vendor>FreshMarket</vendor>
        <damount>12</damount>
      </delivery>
      <stock_replenishment>
        <stock_info>
          <ingredient_id>382</ingredient_id>
          <scurrent>42</scurrent>
          <snew>32</snew>
          <smaxcapa>5</smaxcapa>
        </stock_info>
      </stock_replenishment>
    </delivery_info>
  </robot_taskboard>
  <robot_taskboard>
    <robot_info>
      <robot_id>352</robot_id>
      <rname>Sandra</rname>
      <rtype>stock_manager</rtype>
      <rfunction>ordering</rfunction>
    </robot_info>
    <delivery_info>
      <delivery>
        <delivery_id>224</delivery_id>
        <ddate>2020-11-14</ddate>
        <vendor>Cocacola Comp.</vendor>
        <damount>6</damount>
      </delivery>
      <stock_replenishment>
        <stock_info>
          <ingredient_id>639</ingredient_id>
          <scurrent>16</scurrent>
          <snew>38</snew>
          <smaxcapa>5</smaxcapa>
        </stock_info>
      </stock_replenishment>
    </delivery_info>
  </robot_taskboard>
  <robot_taskboard>
    <robot_info>
      <robot_id>330</robot_id>
      <rname>Sandra</rname>
      <rtype>stock_manager</rtype>
      <rfunction>ordering</rfunction>
    </robot_info>
    <delivery_info>
      <delivery>
        <delivery_id>261</delivery_id>
        <ddate>2021-03-25</ddate>
        <vendor>Cocacola Comp.</vendor>
        <damount>18</damount>
      </delivery>
      <stock_replenishment>
        <stock_info>
          <ingredient_id>178</ingredient_id>
          <scurrent>43</scurrent>
          <snew>32</snew>
          <smaxcapa>30</smaxcapa>
        </stock_info>
      </stock_replenishment>
    </delivery_info>
  </robot_taskboard>
  <robot_taskboard>
    <robot_info>
      <robot_id>308</robot_id>
      <rname>Sandra</rname>
      <rtype>stock_manager</rtype>
      <rfunction>ordering</rfunction>
    </robot_info>
    <delivery_info>
      <delivery>
        <delivery_id>261</delivery_id>
        <ddate>2021-03-25</ddate>
        <vendor>Cocacola Comp.</vendor>
        <damount>18</damount>
      </delivery>
      <stock_replenishment>
        <stock_info>
          <ingredient_id>178</ingredient_id>
          <scurrent>43</scurrent>
          <snew>32</snew>
          <smaxcapa>30</smaxcapa>
        </stock_info>
      </stock_replenishment>
    </delivery_info>
  </robot_taskboard>
  <robot_taskboard>
    <robot_info>
      <robot_id>389</robot_id>
      <rname>Sandra</rname>
      <rtype>stock_manager</rtype>
      <rfunction>ordering</rfunction>
    </robot_info>
    <delivery_info>
      <delivery>
        <delivery_id>490</delivery_id>
        <ddate>2020-06-06</ddate>
        <vendor>FreshMarket</vendor>
        <damount>8</damount>
      </delivery>
      <stock_replenishment>
        <stock_info>
          <ingredient_id>345</ingredient_id>
          <scurrent>34</scurrent>
          <snew>18</snew>
          <smaxcapa>2</smaxcapa>
        </stock_info>
      </stock_replenishment>
    </delivery_info>
  </robot_taskboard>
  <robot_taskboard>
    <robot_info>
      <robot_id>369</robot_id>
      <rname>Sandra</rname>
      <rtype>stock_manager</rtype>
      <rfunction>ordering</rfunction>
    </robot_info>
    <delivery_info>
      <delivery>
        <delivery_id>83</delivery_id>
        <ddate>2021-03-16</ddate>
        <vendor>FreshMarket</vendor>
        <damount>17</damount>
      </delivery>
      <stock_replenishment>
        <stock_info>
          <ingredient_id>363</ingredient_id>
          <scurrent>20</scurrent>
          <snew>41</snew>
          <smaxcapa>20</smaxcapa>
        </stock_info>
      </stock_replenishment>
    </delivery_info>
  </robot_taskboard>
  <robot_taskboard>
    <robot_info>
      <robot_id>343</robot_id>
      <rname>Sandra</rname>
      <rtype>stock_manager</rtype>
      <rfunction>ordering</rfunction>
    </robot_info>
    <delivery_info>
      <delivery>
        <delivery_id>610</delivery_id>
        <ddate>2020-10-08</ddate>
        <vendor>Cocacola Comp.</vendor>
        <damount>1</damount>
      </delivery>
      <stock_replenishment>
        <stock_info>
          <ingredient_id>479</ingredient_id>
          <scurrent>19</scurrent>
          <snew>47</snew>
          <smaxcapa>20</smaxcapa>
        </stock_info>
      </stock_replenishment>
    </delivery_info>
  </robot_taskboard>
  <robot_taskboard>
    <robot_info>
      <robot_id>268</robot_id>
      <rname>Sandra</rname>
      <rtype>stock_manager</rtype>
      <rfunction>ordering</rfunction>
    </robot_info>
    <delivery_info>
      <delivery>
        <delivery_id>399</delivery_id>
        <ddate>2020-12-21</ddate>
        <vendor>Cocacola Comp.</vendor>
        <damount>6</damount>
      </delivery>
      <stock_replenishment>
        <stock_info>
          <ingredient_id>613</ingredient_id>
          <scurrent>29</scurrent>
          <snew>35</snew>
          <smaxcapa>40</smaxcapa>
        </stock_info>
      </stock_replenishment>
    </delivery_info>
  </robot_taskboard>
  <robot_taskboard>
    <robot_info>
      <robot_id>396</robot_id>
      <rname>Sandra</rname>
      <rtype>stock_manager</rtype>
      <rfunction>ordering</rfunction>
    </robot_info>
    <delivery_info>
      <delivery>
        <delivery_id>26</delivery_id>
        <ddate>2020-07-17</ddate>
        <vendor>Cocacola Comp.</vendor>
        <damount>9</damount>
      </delivery>
      <stock_replenishment>
        <stock_info>
          <ingredient_id>485</ingredient_id>
          <scurrent>3</scurrent>
          <snew>6</snew>
          <smaxcapa>20</smaxcapa>
        </stock_info>
      </stock_replenishment>
    </delivery_info>
  </robot_taskboard>
  <robot_taskboard>
    <robot_info>
      <robot_id>317</robot_id>
      <rname>Sandra</rname>
      <rtype>stock_manager</rtype>
      <rfunction>ordering</rfunction>
    </robot_info>
    <delivery_info>
      <delivery>
        <delivery_id>463</delivery_id>
        <ddate>2020-04-29</ddate>
        <vendor>FreshMarket</vendor>
        <damount>16</damount>
      </delivery>
      <stock_replenishment>
        <stock_info>
          <ingredient_id>494</ingredient_id>
          <scurrent>0</scurrent>
          <snew>47</snew>
          <smaxcapa>10</smaxcapa>
        </stock_info>
      </stock_replenishment>
    </delivery_info>
  </robot_taskboard>
  <robot_taskboard>
    <robot_info>
      <robot_id>398</robot_id>
      <rname>Sandra</rname>
      <rtype>stock_manager</rtype>
      <rfunction>ordering</rfunction>
    </robot_info>
    <delivery_info>
      <delivery>
        <delivery_id>500</delivery_id>
        <ddate>2020-10-07</ddate>
        <vendor>Cocacola Comp.</vendor>
        <damount>5</damount>
      </delivery>
      <stock_replenishment>
        <stock_info>
          <ingredient_id>257</ingredient_id>
          <scurrent>3</scurrent>
          <snew>0</snew>
          <smaxcapa>5</smaxcapa>
        </stock_info>
      </stock_replenishment>
    </delivery_info>
  </robot_taskboard>
  <robot_taskboard>
    <robot_info>
      <robot_id>233</robot_id>
      <rname>Sandra</rname>
      <rtype>stock_manager</rtype>
      <rfunction>ordering</rfunction>
    </robot_info>
    <delivery_info>
      <delivery>
        <delivery_id>277</delivery_id>
        <ddate>2020-02-22</ddate>
        <vendor>Cocacola Comp.</vendor>
        <damount>5</damount>
      </delivery>
      <stock_replenishment>
        <stock_info>
          <ingredient_id>257</ingredient_id>
          <scurrent>3</scurrent>
          <snew>0</snew>
          <smaxcapa>5</smaxcapa>
        </stock_info>
      </stock_replenishment>
    </delivery_info>
  </robot_taskboard>
  <robot_taskboard>
    <robot_info>
      <robot_id>227</robot_id>
      <rname>Sandra</rname>
      <rtype>stock_manager</rtype>
      <rfunction>ordering</rfunction>
    </robot_info>
    <delivery_info>
      <delivery>
        <delivery_id>289</delivery_id>
        <ddate>2020-01-07</ddate>
        <vendor>FreshMarket</vendor>
        <damount>2</damount>
      </delivery>
      <stock_replenishment>
        <stock_info>
          <ingredient_id>177</ingredient_id>
          <scurrent>28</scurrent>
          <snew>31</snew>
          <smaxcapa>2</smaxcapa>
        </stock_info>
      </stock_replenishment>
    </delivery_info>
  </robot_taskboard>
  <robot_taskboard>
    <robot_info>
      <robot_id>247</robot_id>
      <rname>Sandra</rname>
      <rtype>stock_manager</rtype>
      <rfunction>ordering</rfunction>
    </robot_info>
    <delivery_info>
      <delivery>
        <delivery_id>421</delivery_id>
        <ddate>2020-05-23</ddate>
        <vendor>Cocacola Comp.</vendor>
        <damount>7</damount>
      </delivery>
      <stock_replenishment>
        <stock_info>
          <ingredient_id>426</ingredient_id>
          <scurrent>41</scurrent>
          <snew>34</snew>
          <smaxcapa>20</smaxcapa>
        </stock_info>
      </stock_replenishment>
    </delivery_info>
  </robot_taskboard>
  <robot_taskboard>
    <robot_info>
      <robot_id>223</robot_id>
      <rname>Sandra</rname>
      <rtype>stock_manager</rtype>
      <rfunction>ordering</rfunction>
    </robot_info>
    <delivery_info>
      <delivery>
        <delivery_id>726</delivery_id>
        <ddate>2020-10-27</ddate>
        <vendor>FreshMarket</vendor>
        <damount>9</damount>
      </delivery>
      <stock_replenishment>
        <stock_info>
          <ingredient_id>212</ingredient_id>
          <scurrent>24</scurrent>
          <snew>8</snew>
          <smaxcapa>50</smaxcapa>
        </stock_info>
      </stock_replenishment>
    </delivery_info>
  </robot_taskboard>
  <robot_taskboard>
    <robot_info>
      <robot_id>200</robot_id>
      <rname>Sandra</rname>
      <rtype>stock_manager</rtype>
      <rfunction>ordering</rfunction>
    </robot_info>
    <delivery_info>
      <delivery>
        <delivery_id>726</delivery_id>
        <ddate>2020-10-27</ddate>
        <vendor>FreshMarket</vendor>
        <damount>9</damount>
      </delivery>
      <stock_replenishment>
        <stock_info>
          <ingredient_id>212</ingredient_id>
          <scurrent>24</scurrent>
          <snew>8</snew>
          <smaxcapa>50</smaxcapa>
        </stock_info>
      </stock_replenishment>
    </delivery_info>
  </robot_taskboard>
  <robot_taskboard>
    <robot_info>
      <robot_id>306</robot_id>
      <rname>Sandra</rname>
      <rtype>stock_manager</rtype>
      <rfunction>ordering</rfunction>
    </robot_info>
    <delivery_info>
      <delivery>
        <delivery_id>468</delivery_id>
        <ddate>2020-03-12</ddate>
        <vendor>Cocacola Comp.</vendor>
        <damount>11</damount>
      </delivery>
      <stock_replenishment>
        <stock_info>
          <ingredient_id>215</ingredient_id>
          <scurrent>18</scurrent>
          <snew>18</snew>
          <smaxcapa>20</smaxcapa>
        </stock_info>
      </stock_replenishment>
    </delivery_info>
  </robot_taskboard>
  <robot_taskboard>
    <robot_info>
      <robot_id>236</robot_id>
      <rname>Sandra</rname>
      <rtype>stock_manager</rtype>
      <rfunction>ordering</rfunction>
    </robot_info>
    <delivery_info>
      <delivery>
        <delivery_id>468</delivery_id>
        <ddate>2020-03-12</ddate>
        <vendor>Cocacola Comp.</vendor>
        <damount>11</damount>
      </delivery>
      <stock_replenishment>
        <stock_info>
          <ingredient_id>215</ingredient_id>
          <scurrent>18</scurrent>
          <snew>18</snew>
          <smaxcapa>20</smaxcapa>
        </stock_info>
      </stock_replenishment>
    </delivery_info>
  </robot_taskboard>
  <robot_taskboard>
    <robot_info>
      <robot_id>297</robot_id>
      <rname>Sandra</rname>
      <rtype>stock_manager</rtype>
      <rfunction>ordering</rfunction>
    </robot_info>
    <delivery_info>
      <delivery>
        <delivery_id>412</delivery_id>
        <ddate>2021-02-09</ddate>
        <vendor>Cocacola Comp.</vendor>
        <damount>2</damount>
      </delivery>
      <stock_replenishment>
        <stock_info>
          <ingredient_id>81</ingredient_id>
          <scurrent>46</scurrent>
          <snew>3</snew>
          <smaxcapa>30</smaxcapa>
        </stock_info>
      </stock_replenishment>
    </delivery_info>
  </robot_taskboard>
  <robot_taskboard>
    <robot_info>
      <robot_id>206</robot_id>
      <rname>Sandra</rname>
      <rtype>stock_manager</rtype>
      <rfunction>ordering</rfunction>
    </robot_info>
    <delivery_info>
      <delivery>
        <delivery_id>586</delivery_id>
        <ddate>2020-05-17</ddate>
        <vendor>FreshMarket</vendor>
        <damount>8</damount>
      </delivery>
      <stock_replenishment>
        <stock_info>
          <ingredient_id>368</ingredient_id>
          <scurrent>14</scurrent>
          <snew>17</snew>
          <smaxcapa>5</smaxcapa>
        </stock_info>
      </stock_replenishment>
    </delivery_info>
  </robot_taskboard>
  <robot_taskboard>
    <robot_info>
      <robot_id>264</robot_id>
      <rname>Sandra</rname>
      <rtype>stock_manager</rtype>
      <rfunction>ordering</rfunction>
    </robot_info>
    <delivery_info>
      <delivery>
        <delivery_id>172</delivery_id>
        <ddate>2020-07-29</ddate>
        <vendor>FreshMarket</vendor>
        <damount>11</damount>
      </delivery>
      <stock_replenishment>
        <stock_info>
          <ingredient_id>734</ingredient_id>
          <scurrent>4</scurrent>
          <snew>36</snew>
          <smaxcapa>50</smaxcapa>
        </stock_info>
      </stock_replenishment>
    </delivery_info>
  </robot_taskboard>
  <robot_taskboard>
    <robot_info>
      <robot_id>242</robot_id>
      <rname>Sandra</rname>
      <rtype>stock_manager</rtype>
      <rfunction>ordering</rfunction>
    </robot_info>
    <delivery_info>
      <delivery>
        <delivery_id>489</delivery_id>
        <ddate>2020-12-25</ddate>
        <vendor>Cocacola Comp.</vendor>
        <damount>12</damount>
      </delivery>
      <stock_replenishment>
        <stock_info>
          <ingredient_id>211</ingredient_id>
          <scurrent>28</scurrent>
          <snew>0</snew>
          <smaxcapa>20</smaxcapa>
        </stock_info>
      </stock_replenishment>
    </delivery_info>
  </robot_taskboard>
  <robot_taskboard>
    <robot_info>
      <robot_id>276</robot_id>
      <rname>Sandra</rname>
      <rtype>stock_manager</rtype>
      <rfunction>ordering</rfunction>
    </robot_info>
    <delivery_info>
      <delivery>
        <delivery_id>647</delivery_id>
        <ddate>2021-01-16</ddate>
        <vendor>Cocacola Comp.</vendor>
        <damount>15</damount>
      </delivery>
      <stock_replenishment>
        <stock_info>
          <ingredient_id>424</ingredient_id>
          <scurrent>30</scurrent>
          <snew>30</snew>
          <smaxcapa>2</smaxcapa>
        </stock_info>
      </stock_replenishment>
    </delivery_info>
  </robot_taskboard>
  <robot_taskboard>
    <robot_info>
      <robot_id>315</robot_id>
      <rname>Sandra</rname>
      <rtype>stock_manager</rtype>
      <rfunction>ordering</rfunction>
    </robot_info>
    <delivery_info>
      <delivery>
        <delivery_id>516</delivery_id>
        <ddate>2020-11-26</ddate>
        <vendor>FreshMarket</vendor>
        <damount>6</damount>
      </delivery>
      <stock_replenishment>
        <stock_info>
          <ingredient_id>125</ingredient_id>
          <scurrent>47</scurrent>
          <snew>40</snew>
          <smaxcapa>10</smaxcapa>
        </stock_info>
      </stock_replenishment>
    </delivery_info>
  </robot_taskboard>
  <robot_taskboard>
    <robot_info>
      <robot_id>269</robot_id>
      <rname>Sandra</rname>
      <rtype>stock_manager</rtype>
      <rfunction>ordering</rfunction>
    </robot_info>
    <delivery_info>
      <delivery>
        <delivery_id>724</delivery_id>
        <ddate>2021-04-04</ddate>
        <vendor>FreshMarket</vendor>
        <damount>6</damount>
      </delivery>
      <stock_replenishment>
        <stock_info>
          <ingredient_id>529</ingredient_id>
          <scurrent>16</scurrent>
          <snew>9</snew>
          <smaxcapa>5</smaxcapa>
        </stock_info>
      </stock_replenishment>
    </delivery_info>
  </robot_taskboard>
  <robot_taskboard>
    <robot_info>
      <robot_id>383</robot_id>
      <rname>Sandra</rname>
      <rtype>stock_manager</rtype>
      <rfunction>ordering</rfunction>
    </robot_info>
    <delivery_info>
      <delivery>
        <delivery_id>617</delivery_id>
        <ddate>2020-12-22</ddate>
        <vendor>Cocacola Comp.</vendor>
        <damount>8</damount>
      </delivery>
      <stock_replenishment>
        <stock_info>
          <ingredient_id>452</ingredient_id>
          <scurrent>25</scurrent>
          <snew>28</snew>
          <smaxcapa>40</smaxcapa>
        </stock_info>
      </stock_replenishment>
    </delivery_info>
  </robot_taskboard>
  <robot_taskboard>
    <robot_info>
      <robot_id>281</robot_id>
      <rname>Sandra</rname>
      <rtype>stock_manager</rtype>
      <rfunction>ordering</rfunction>
    </robot_info>
    <delivery_info>
      <delivery>
        <delivery_id>366</delivery_id>
        <ddate>2020-06-28</ddate>
        <vendor>Cocacola Comp.</vendor>
        <damount>5</damount>
      </delivery>
      <stock_replenishment>
        <stock_info>
          <ingredient_id>43</ingredient_id>
          <scurrent>34</scurrent>
          <snew>31</snew>
          <smaxcapa>10</smaxcapa>
        </stock_info>
      </stock_replenishment>
    </delivery_info>
  </robot_taskboard>
  <robot_taskboard>
    <robot_info>
      <robot_id>392</robot_id>
      <rname>Sandra</rname>
      <rtype>stock_manager</rtype>
      <rfunction>ordering</rfunction>
    </robot_info>
    <delivery_info>
      <delivery>
        <delivery_id>676</delivery_id>
        <ddate>2020-05-30</ddate>
        <vendor>Cocacola Comp.</vendor>
        <damount>18</damount>
      </delivery>
      <stock_replenishment>
        <stock_info>
          <ingredient_id>144</ingredient_id>
          <scurrent>21</scurrent>
          <snew>21</snew>
          <smaxcapa>50</smaxcapa>
        </stock_info>
      </stock_replenishment>
    </delivery_info>
  </robot_taskboard>
  <robot_taskboard>
    <robot_info>
      <robot_id>333</robot_id>
      <rname>Sandra</rname>
      <rtype>stock_manager</rtype>
      <rfunction>ordering</rfunction>
    </robot_info>
    <delivery_info>
      <delivery>
        <delivery_id>351</delivery_id>
        <ddate>2020-02-17</ddate>
        <vendor>Cocacola Comp.</vendor>
        <damount>6</damount>
      </delivery>
      <stock_replenishment>
        <stock_info>
          <ingredient_id>750</ingredient_id>
          <scurrent>27</scurrent>
          <snew>36</snew>
          <smaxcapa>50</smaxcapa>
        </stock_info>
      </stock_replenishment>
    </delivery_info>
  </robot_taskboard>
  <robot_taskboard>
    <robot_info>
      <robot_id>232</robot_id>
      <rname>Sandra</rname>
      <rtype>stock_manager</rtype>
      <rfunction>ordering</rfunction>
    </robot_info>
    <delivery_info>
      <delivery>
        <delivery_id>351</delivery_id>
        <ddate>2020-02-17</ddate>
        <vendor>Cocacola Comp.</vendor>
        <damount>6</damount>
      </delivery>
      <stock_replenishment>
        <stock_info>
          <ingredient_id>750</ingredient_id>
          <scurrent>27</scurrent>
          <snew>36</snew>
          <smaxcapa>50</smaxcapa>
        </stock_info>
      </stock_replenishment>
    </delivery_info>
  </robot_taskboard>
  <robot_taskboard>
    <robot_info>
      <robot_id>363</robot_id>
      <rname>Sandra</rname>
      <rtype>stock_manager</rtype>
      <rfunction>ordering</rfunction>
    </robot_info>
    <delivery_info>
      <delivery>
        <delivery_id>268</delivery_id>
        <ddate>2020-01-24</ddate>
        <vendor>Cocacola Comp.</vendor>
        <damount>13</damount>
      </delivery>
      <stock_replenishment>
        <stock_info>
          <ingredient_id>737</ingredient_id>
          <scurrent>30</scurrent>
          <snew>20</snew>
          <smaxcapa>50</smaxcapa>
        </stock_info>
      </stock_replenishment>
    </delivery_info>
  </robot_taskboard>
  <robot_taskboard>
    <robot_info>
      <robot_id>313</robot_id>
      <rname>Sandra</rname>
      <rtype>stock_manager</rtype>
      <rfunction>ordering</rfunction>
    </robot_info>
    <delivery_info>
      <delivery>
        <delivery_id>268</delivery_id>
        <ddate>2020-01-24</ddate>
        <vendor>Cocacola Comp.</vendor>
        <damount>13</damount>
      </delivery>
      <stock_replenishment>
        <stock_info>
          <ingredient_id>737</ingredient_id>
          <scurrent>30</scurrent>
          <snew>20</snew>
          <smaxcapa>50</smaxcapa>
        </stock_info>
      </stock_replenishment>
    </delivery_info>
  </robot_taskboard>
</robot_sandra>
