<?xml version="1.0" standalone="yes"?>
<customer_data>
  <customer_details customer_id="7">
    <lname>HRLrlmWE</lname>
    <fname>lPHexTCc</fname>
    <bday>1989-01-27</bday>
    <address>
      <Address>
        <City>Klagenfurt</City>
        <Country>Austria</Country>
        <Street>
          <Street>ffeKxcur-street</Street>
          <Number>94</Number>
          <Additional>22</Additional>
        </Street>
      </Address>
    </address>
    <order_data>
      <orders order_id="90">
        <item_id>83</item_id>
        <robot_id>440</robot_id>
      </orders>
    </order_data>
    <robots robot_id="440">
      <rname>Barney</rname>
      <rtype>burger_chef</rtype>
      <rfunction>produce burger</rfunction>
    </robots>
  </customer_details>
  <customer_details customer_id="1">
    <lname>vLpjLple</lname>
    <fname>FJncwPNF</fname>
    <bday>1995-10-16</bday>
    <address>
      <Address>
        <City>Graz</City>
        <Country>Austria</Country>
        <Street>
          <Street>QAumgmGb-street</Street>
          <Number>89</Number>
          <Additional>6</Additional>
        </Street>
      </Address>
    </address>
    <order_data>
      <orders order_id="105">
        <item_id>57</item_id>
        <robot_id>633</robot_id>
      </orders>
    </order_data>
    <robots robot_id="633">
      <rname>Bob</rname>
      <rtype>fries_expert</rtype>
      <rfunction>produce fries</rfunction>
    </robots>
  </customer_details>
  <customer_details customer_id="8">
    <lname>IQCWVtpD</lname>
    <fname>lhmnackx</fname>
    <bday>1982-09-11</bday>
    <address>
      <Address>
        <City>Salzburg</City>
        <Country>Austria</Country>
        <Street>
          <Street>XvDVrGng-street</Street>
          <Number>88</Number>
          <Additional>25</Additional>
        </Street>
      </Address>
    </address>
    <order_data>
      <orders order_id="154">
        <item_id>227</item_id>
        <robot_id>19</robot_id>
      </orders>
    </order_data>
    <robots robot_id="19">
      <rname>Joe</rname>
      <rtype>interaction_manager</rtype>
      <rfunction>customer communication</rfunction>
    </robots>
  </customer_details>
  <customer_details customer_id="13">
    <lname>BAjWoMJe</lname>
    <fname>kqVLRnTk</fname>
    <bday>1996-08-12</bday>
    <address>
      <Address>
        <City>Berlin</City>
        <Country>Austria</Country>
        <Street>
          <Street>EOuNYedV-street</Street>
          <Number>81</Number>
          <Additional>21</Additional>
        </Street>
      </Address>
    </address>
    <order_data>
      <orders order_id="198">
        <item_id>198</item_id>
        <robot_id>116</robot_id>
      </orders>
    </order_data>
    <robots robot_id="116">
      <rname>Joe</rname>
      <rtype>interaction_manager</rtype>
      <rfunction>customer communication</rfunction>
    </robots>
  </customer_details>
  <customer_details customer_id="30">
    <lname>gcVYxZjo</lname>
    <fname>cHBBpaYX</fname>
    <bday>1985-03-22</bday>
    <address>
      <Address>
        <City>Eisenstadt</City>
        <Country>Austria</Country>
        <Street>
          <Street>LmFaYcFJ-street</Street>
          <Number>70</Number>
          <Additional>9</Additional>
        </Street>
      </Address>
    </address>
    <order_data>
      <orders order_id="283">
        <item_id>239</item_id>
        <robot_id>524</robot_id>
      </orders>
    </order_data>
    <robots robot_id="524">
      <rname>Alice</rname>
      <rtype>drink_mixer</rtype>
      <rfunction>produce baverage</rfunction>
    </robots>
  </customer_details>
  <customer_details customer_id="30">
    <lname>gcVYxZjo</lname>
    <fname>cHBBpaYX</fname>
    <bday>1985-03-22</bday>
    <address>
      <Address>
        <City>Eisenstadt</City>
        <Country>Austria</Country>
        <Street>
          <Street>LmFaYcFJ-street</Street>
          <Number>70</Number>
          <Additional>9</Additional>
        </Street>
      </Address>
    </address>
    <order_data>
      <orders order_id="286">
        <item_id>111</item_id>
        <robot_id>773</robot_id>
      </orders>
    </order_data>
    <robots robot_id="773">
      <rname>Bob</rname>
      <rtype>fries_expert</rtype>
      <rfunction>produce fries</rfunction>
    </robots>
  </customer_details>
  <customer_details customer_id="6">
    <lname>pMlXodMg</lname>
    <fname>NyomgjNJ</fname>
    <bday>1990-08-30</bday>
    <address>
      <Address>
        <City>Munich</City>
        <Country>Austria</Country>
        <Street>
          <Street>hmiSGmGS-street</Street>
          <Number>28</Number>
          <Additional>6</Additional>
        </Street>
      </Address>
    </address>
    <order_data>
      <orders order_id="343">
        <item_id>302</item_id>
        <robot_id>634</robot_id>
      </orders>
    </order_data>
    <robots robot_id="634">
      <rname>Bob</rname>
      <rtype>fries_expert</rtype>
      <rfunction>produce fries</rfunction>
    </robots>
  </customer_details>
  <customer_details customer_id="28">
    <lname>CWqOcOfD</lname>
    <fname>lKqoquNz</fname>
    <bday>1998-08-16</bday>
    <address>
      <Address>
        <City>Graz</City>
        <Country>Austria</Country>
        <Street>
          <Street>qAQjDEJW-street</Street>
          <Number>94</Number>
          <Additional>6</Additional>
        </Street>
      </Address>
    </address>
    <order_data>
      <orders order_id="422">
        <item_id>584</item_id>
        <robot_id>79</robot_id>
      </orders>
    </order_data>
    <robots robot_id="79">
      <rname>Joe</rname>
      <rtype>interaction_manager</rtype>
      <rfunction>customer communication</rfunction>
    </robots>
  </customer_details>
  <customer_details customer_id="17">
    <lname>DtiOdauv</lname>
    <fname>nXEFDCmB</fname>
    <bday>2000-04-15</bday>
    <address>
      <Address>
        <City>Bregenz</City>
        <Country>Austria</Country>
        <Street>
          <Street>OgpVEARi-street</Street>
          <Number>18</Number>
          <Additional>25</Additional>
        </Street>
      </Address>
    </address>
    <order_data>
      <orders order_id="445">
        <item_id>93</item_id>
        <robot_id>563</robot_id>
      </orders>
    </order_data>
    <robots robot_id="563">
      <rname>Alice</rname>
      <rtype>drink_mixer</rtype>
      <rfunction>produce baverage</rfunction>
    </robots>
  </customer_details>
  <customer_details customer_id="29">
    <lname>EJtGPvBB</lname>
    <fname>ZcuRdZmo</fname>
    <bday>1998-07-13</bday>
    <address>
      <Address>
        <City>Linz</City>
        <Country>Austria</Country>
        <Street>
          <Street>GqYzjjUs-street</Street>
          <Number>113</Number>
          <Additional>28</Additional>
        </Street>
      </Address>
    </address>
    <order_data>
      <orders order_id="537">
        <item_id>720</item_id>
        <robot_id>525</robot_id>
      </orders>
    </order_data>
    <robots robot_id="525">
      <rname>Alice</rname>
      <rtype>drink_mixer</rtype>
      <rfunction>produce baverage</rfunction>
    </robots>
  </customer_details>
  <customer_details customer_id="28">
    <lname>CWqOcOfD</lname>
    <fname>lKqoquNz</fname>
    <bday>1998-08-16</bday>
    <address>
      <Address>
        <City>Graz</City>
        <Country>Austria</Country>
        <Street>
          <Street>qAQjDEJW-street</Street>
          <Number>94</Number>
          <Additional>6</Additional>
        </Street>
      </Address>
    </address>
    <order_data>
      <orders order_id="554">
        <item_id>170</item_id>
        <robot_id>183</robot_id>
      </orders>
    </order_data>
    <robots robot_id="183">
      <rname>Joe</rname>
      <rtype>interaction_manager</rtype>
      <rfunction>customer communication</rfunction>
    </robots>
  </customer_details>
  <customer_details customer_id="17">
    <lname>DtiOdauv</lname>
    <fname>nXEFDCmB</fname>
    <bday>2000-04-15</bday>
    <address>
      <Address>
        <City>Bregenz</City>
        <Country>Austria</Country>
        <Street>
          <Street>OgpVEARi-street</Street>
          <Number>18</Number>
          <Additional>25</Additional>
        </Street>
      </Address>
    </address>
    <order_data>
      <orders order_id="565">
        <item_id>451</item_id>
        <robot_id>56</robot_id>
      </orders>
    </order_data>
    <robots robot_id="56">
      <rname>Joe</rname>
      <rtype>interaction_manager</rtype>
      <rfunction>customer communication</rfunction>
    </robots>
  </customer_details>
  <customer_details customer_id="23">
    <lname>xDnnMqQj</lname>
    <fname>JNSzeqiR</fname>
    <bday>1994-10-12</bday>
    <address>
      <Address>
        <City>Wien</City>
        <Country>Austria</Country>
        <Street>
          <Street>kbMvkAzp-street</Street>
          <Number>33</Number>
          <Additional>16</Additional>
        </Street>
      </Address>
    </address>
    <order_data>
      <orders order_id="584">
        <item_id>198</item_id>
        <robot_id>372</robot_id>
      </orders>
    </order_data>
    <robots robot_id="372">
      <rname>Sandra</rname>
      <rtype>stock_manager</rtype>
      <rfunction>ordering</rfunction>
    </robots>
  </customer_details>
  <customer_details customer_id="19">
    <lname>jyZaOmCC</lname>
    <fname>DwCddepq</fname>
    <bday>1992-09-20</bday>
    <address>
      <Address>
        <City>Linz</City>
        <Country>Austria</Country>
        <Street>
          <Street>uiwPXhlr-street</Street>
          <Number>35</Number>
          <Additional>14</Additional>
        </Street>
      </Address>
    </address>
    <order_data>
      <orders order_id="597">
        <item_id>749</item_id>
        <robot_id>726</robot_id>
      </orders>
    </order_data>
    <robots robot_id="726">
      <rname>Bob</rname>
      <rtype>fries_expert</rtype>
      <rfunction>produce fries</rfunction>
    </robots>
  </customer_details>
  <customer_details customer_id="8">
    <lname>IQCWVtpD</lname>
    <fname>lhmnackx</fname>
    <bday>1982-09-11</bday>
    <address>
      <Address>
        <City>Salzburg</City>
        <Country>Austria</Country>
        <Street>
          <Street>XvDVrGng-street</Street>
          <Number>88</Number>
          <Additional>25</Additional>
        </Street>
      </Address>
    </address>
    <order_data>
      <orders order_id="613">
        <item_id>629</item_id>
        <robot_id>247</robot_id>
      </orders>
    </order_data>
    <robots robot_id="247">
      <rname>Sandra</rname>
      <rtype>stock_manager</rtype>
      <rfunction>ordering</rfunction>
    </robots>
  </customer_details>
  <customer_details customer_id="2">
    <lname>gVQjBtBe</lname>
    <fname>wdRajoyu</fname>
    <bday>1983-01-19</bday>
    <address>
      <Address>
        <City>Linz</City>
        <Country>Austria</Country>
        <Street>
          <Street>meYsHQeG-street</Street>
          <Number>98</Number>
          <Additional>23</Additional>
        </Street>
      </Address>
    </address>
    <order_data>
      <orders order_id="616">
        <item_id>499</item_id>
        <robot_id>299</robot_id>
      </orders>
    </order_data>
    <robots robot_id="299">
      <rname>Sandra</rname>
      <rtype>stock_manager</rtype>
      <rfunction>ordering</rfunction>
    </robots>
  </customer_details>
  <customer_details customer_id="6">
    <lname>pMlXodMg</lname>
    <fname>NyomgjNJ</fname>
    <bday>1990-08-30</bday>
    <address>
      <Address>
        <City>Munich</City>
        <Country>Austria</Country>
        <Street>
          <Street>hmiSGmGS-street</Street>
          <Number>28</Number>
          <Additional>6</Additional>
        </Street>
      </Address>
    </address>
    <order_data>
      <orders order_id="622">
        <item_id>291</item_id>
        <robot_id>366</robot_id>
      </orders>
    </order_data>
    <robots robot_id="366">
      <rname>Sandra</rname>
      <rtype>stock_manager</rtype>
      <rfunction>ordering</rfunction>
    </robots>
  </customer_details>
  <customer_details customer_id="9">
    <lname>SbZZrcno</lname>
    <fname>XPHHJPaY</fname>
    <bday>1993-08-10</bday>
    <address>
      <Address>
        <City>Klagenfurt</City>
        <Country>Austria</Country>
        <Street>
          <Street>eOkvoupv-street</Street>
          <Number>79</Number>
          <Additional>16</Additional>
        </Street>
      </Address>
    </address>
    <order_data>
      <orders order_id="625">
        <item_id>346</item_id>
        <robot_id>760</robot_id>
      </orders>
    </order_data>
    <robots robot_id="760">
      <rname>Bob</rname>
      <rtype>fries_expert</rtype>
      <rfunction>produce fries</rfunction>
    </robots>
  </customer_details>
  <customer_details customer_id="21">
    <lname>vlKAYElG</lname>
    <fname>MBJLBenG</fname>
    <bday>1981-10-31</bday>
    <address>
      <Address>
        <City>Linz</City>
        <Country>Austria</Country>
        <Street>
          <Street>DJgJyjBB-street</Street>
          <Number>51</Number>
          <Additional>1</Additional>
        </Street>
      </Address>
    </address>
    <order_data>
      <orders order_id="630">
        <item_id>438</item_id>
        <robot_id>408</robot_id>
      </orders>
    </order_data>
    <robots robot_id="408">
      <rname>Barney</rname>
      <rtype>burger_chef</rtype>
      <rfunction>produce burger</rfunction>
    </robots>
  </customer_details>
  <customer_details customer_id="18">
    <lname>qEQPBIFS</lname>
    <fname>fAbayyHV</fname>
    <bday>1980-06-28</bday>
    <address>
      <Address>
        <City>Wien</City>
        <Country>Austria</Country>
        <Street>
          <Street>tgACLsUC-street</Street>
          <Number>69</Number>
          <Additional>22</Additional>
        </Street>
      </Address>
    </address>
    <order_data>
      <orders order_id="631">
        <item_id>380</item_id>
        <robot_id>770</robot_id>
      </orders>
    </order_data>
    <robots robot_id="770">
      <rname>Bob</rname>
      <rtype>fries_expert</rtype>
      <rfunction>produce fries</rfunction>
    </robots>
  </customer_details>
  <customer_details customer_id="16">
    <lname>KPIgnNuj</lname>
    <fname>sefpQwlL</fname>
    <bday>1980-04-13</bday>
    <address>
      <Address>
        <City>Berlin</City>
        <Country>Austria</Country>
        <Street>
          <Street>QsoIyJmn-street</Street>
          <Number>89</Number>
          <Additional>22</Additional>
        </Street>
      </Address>
    </address>
    <order_data>
      <orders order_id="684">
        <item_id>264</item_id>
        <robot_id>68</robot_id>
      </orders>
    </order_data>
    <robots robot_id="68">
      <rname>Joe</rname>
      <rtype>interaction_manager</rtype>
      <rfunction>customer communication</rfunction>
    </robots>
  </customer_details>
  <customer_details customer_id="10">
    <lname>FfCsXFuf</lname>
    <fname>bAeRUuEs</fname>
    <bday>1986-12-03</bday>
    <address>
      <Address>
        <City>Klagenfurt</City>
        <Country>Austria</Country>
        <Street>
          <Street>QshaaBGs-street</Street>
          <Number>21</Number>
          <Additional>14</Additional>
        </Street>
      </Address>
    </address>
    <order_data>
      <orders order_id="706">
        <item_id>32</item_id>
        <robot_id>346</robot_id>
      </orders>
    </order_data>
    <robots robot_id="346">
      <rname>Sandra</rname>
      <rtype>stock_manager</rtype>
      <rfunction>ordering</rfunction>
    </robots>
  </customer_details>
  <customer_details customer_id="3">
    <lname>ltpFoLPj</lname>
    <fname>HpJQboji</fname>
    <bday>1998-01-03</bday>
    <address>
      <Address>
        <City>Berlin</City>
        <Country>Austria</Country>
        <Street>
          <Street>nRRphkKg-street</Street>
          <Number>61</Number>
          <Additional>6</Additional>
        </Street>
      </Address>
    </address>
    <order_data>
      <orders order_id="708">
        <item_id>231</item_id>
        <robot_id>254</robot_id>
      </orders>
    </order_data>
    <robots robot_id="254">
      <rname>Sandra</rname>
      <rtype>stock_manager</rtype>
      <rfunction>ordering</rfunction>
    </robots>
  </customer_details>
  <customer_details customer_id="9">
    <lname>SbZZrcno</lname>
    <fname>XPHHJPaY</fname>
    <bday>1993-08-10</bday>
    <address>
      <Address>
        <City>Klagenfurt</City>
        <Country>Austria</Country>
        <Street>
          <Street>eOkvoupv-street</Street>
          <Number>79</Number>
          <Additional>16</Additional>
        </Street>
      </Address>
    </address>
    <order_data>
      <orders order_id="745">
        <item_id>600</item_id>
        <robot_id>128</robot_id>
      </orders>
    </order_data>
    <robots robot_id="128">
      <rname>Joe</rname>
      <rtype>interaction_manager</rtype>
      <rfunction>customer communication</rfunction>
    </robots>
  </customer_details>
  <customer_details customer_id="26">
    <lname>dNJQIxAn</lname>
    <fname>YDPdBBEu</fname>
    <bday>1981-04-24</bday>
    <address>
      <Address>
        <City>Berlin</City>
        <Country>Austria</Country>
        <Street>
          <Street>NtryGJII-street</Street>
          <Number>112</Number>
          <Additional>29</Additional>
        </Street>
      </Address>
    </address>
    <order_data>
      <orders order_id="756">
        <item_id>541</item_id>
        <robot_id>45</robot_id>
      </orders>
    </order_data>
    <robots robot_id="45">
      <rname>Joe</rname>
      <rtype>interaction_manager</rtype>
      <rfunction>customer communication</rfunction>
    </robots>
  </customer_details>
  <customer_details customer_id="5">
    <lname>EiVFnJhH</lname>
    <fname>TxotIUWy</fname>
    <bday>1998-10-12</bday>
    <address>
      <Address>
        <City>Bregenz</City>
        <Country>Austria</Country>
        <Street>
          <Street>XGetVTop-street</Street>
          <Number>37</Number>
          <Additional>20</Additional>
        </Street>
      </Address>
    </address>
    <order_data>
      <orders order_id="761">
        <item_id>119</item_id>
        <robot_id>500</robot_id>
      </orders>
    </order_data>
    <robots robot_id="500">
      <rname>Alice</rname>
      <rtype>drink_mixer</rtype>
      <rfunction>produce baverage</rfunction>
    </robots>
  </customer_details>
  <customer_details customer_id="20">
    <lname>uBqRRgzM</lname>
    <fname>HRffWijV</fname>
    <bday>1983-10-19</bday>
    <address>
      <Address>
        <City>Wien</City>
        <Country>Austria</Country>
        <Street>
          <Street>WFpOmLub-street</Street>
          <Number>46</Number>
          <Additional>9</Additional>
        </Street>
      </Address>
    </address>
    <order_data>
      <orders/>
    </order_data>
    <robots/>
  </customer_details>
  <customer_details customer_id="25">
    <lname>VjptnGgY</lname>
    <fname>cwgoNWIq</fname>
    <bday>1986-10-12</bday>
    <address>
      <Address>
        <City>Bregenz</City>
        <Country>Austria</Country>
        <Street>
          <Street>DBjVnplC-street</Street>
          <Number>34</Number>
          <Additional>2</Additional>
        </Street>
      </Address>
    </address>
    <order_data>
      <orders/>
    </order_data>
    <robots/>
  </customer_details>
  <customer_details customer_id="27">
    <lname>bXWQfdiX</lname>
    <fname>YqnQrWcJ</fname>
    <bday>1986-12-11</bday>
    <address>
      <Address>
        <City>Linz</City>
        <Country>Austria</Country>
        <Street>
          <Street>raYvBfLl-street</Street>
          <Number>47</Number>
          <Additional>22</Additional>
        </Street>
      </Address>
    </address>
    <order_data>
      <orders/>
    </order_data>
    <robots/>
  </customer_details>
  <customer_details customer_id="11">
    <lname>aGdNZchy</lname>
    <fname>JrIyUmqS</fname>
    <bday>1995-11-28</bday>
    <address>
      <Address>
        <City>St.Poelten</City>
        <Country>Austria</Country>
        <Street>
          <Street>IcDjdMRM-street</Street>
          <Number>13</Number>
          <Additional>3</Additional>
        </Street>
      </Address>
    </address>
    <order_data>
      <orders/>
    </order_data>
    <robots/>
  </customer_details>
  <customer_details customer_id="12">
    <lname>ucfNsqNO</lname>
    <fname>cCVpmHbw</fname>
    <bday>1986-04-21</bday>
    <address>
      <Address>
        <City>Munich</City>
        <Country>Austria</Country>
        <Street>
          <Street>ffJzjunV-street</Street>
          <Number>97</Number>
          <Additional>27</Additional>
        </Street>
      </Address>
    </address>
    <order_data>
      <orders/>
    </order_data>
    <robots/>
  </customer_details>
  <customer_details customer_id="15">
    <lname>ttJcWoTc</lname>
    <fname>mRyBdGde</fname>
    <bday>1999-03-22</bday>
    <address>
      <Address>
        <City>Berlin</City>
        <Country>Austria</Country>
        <Street>
          <Street>MBhARGqH-street</Street>
          <Number>1</Number>
          <Additional>28</Additional>
        </Street>
      </Address>
    </address>
    <order_data>
      <orders/>
    </order_data>
    <robots/>
  </customer_details>
  <customer_details customer_id="24">
    <lname>VyKceREE</lname>
    <fname>rcqheBoh</fname>
    <bday>1984-06-12</bday>
    <address>
      <Address>
        <City>Eisenstadt</City>
        <Country>Austria</Country>
        <Street>
          <Street>KdyVBLqP-street</Street>
          <Number>89</Number>
          <Additional>1</Additional>
        </Street>
      </Address>
    </address>
    <order_data>
      <orders/>
    </order_data>
    <robots/>
  </customer_details>
  <customer_details customer_id="4">
    <lname>bXhgbNsD</lname>
    <fname>kHqFQrSX</fname>
    <bday>2000-02-06</bday>
    <address>
      <Address>
        <City>Munich</City>
        <Country>Austria</Country>
        <Street>
          <Street>dtPojkJY-street</Street>
          <Number>41</Number>
          <Additional>17</Additional>
        </Street>
      </Address>
    </address>
    <order_data>
      <orders/>
    </order_data>
    <robots/>
  </customer_details>
  <customer_details customer_id="22">
    <lname>bdRhEWbX</lname>
    <fname>ihtAoCrU</fname>
    <bday>1983-08-30</bday>
    <address>
      <Address>
        <City>Bregenz</City>
        <Country>Austria</Country>
        <Street>
          <Street>duKiwikq-street</Street>
          <Number>38</Number>
          <Additional>9</Additional>
        </Street>
      </Address>
    </address>
    <order_data>
      <orders/>
    </order_data>
    <robots/>
  </customer_details>
  <customer_details customer_id="14">
    <lname>WdYDkfVt</lname>
    <fname>EKkQDzgg</fname>
    <bday>1982-06-30</bday>
    <address>
      <Address>
        <City>Eisenstadt</City>
        <Country>Austria</Country>
        <Street>
          <Street>nLCukFUP-street</Street>
          <Number>104</Number>
          <Additional>26</Additional>
        </Street>
      </Address>
    </address>
    <order_data>
      <orders/>
    </order_data>
    <robots/>
  </customer_details>
</customer_data>
