{
    "a269a944ab549b12fac0bb2fb51b21f1": "https:\/\/cpee.org\/flow\/engine\/4666\/callbacks\/d6188dce8c0c34fc6d27d1b0d9c774d6",
    "b4c59b71e88486c627ba08ad815dc74e": "https:\/\/cpee.org\/flow\/engine\/4703\/callbacks\/5f916b11cbacc96a6c973d6a9e8bc6a8",
    "b118c00f149f3a4c7500739b92878f5d": "https:\/\/cpee.org\/flow\/engine\/5183\/callbacks\/0d88e84207d5fe811c46333248c472c8",
    "a60fcf9ea5c8efea0fb7bbddc760d21c": "https:\/\/cpee.org\/flow\/engine\/10915\/callbacks\/05c0f20ea414ab97011a066b40bf83c8",
    "c9282ae4481e1a0bbb45c7ec7973cbd2": "https:\/\/cpee.org\/flow\/engine\/11054\/callbacks\/d3e9210e43da5d3038289850c5ae3028",
    "aafa60c20d4d0e7c5ce1c290d74eb002": "https:\/\/cpee.org\/flow\/engine\/11093\/callbacks\/209d8ad8f68299c714e8e92498d9576d",
    "5ad42a6d089f4f554f951ef87ccd8168": "https:\/\/cpee.org\/flow\/engine\/11130\/callbacks\/4df57ce733aedbe41949c9664ff27cfe",
    "f935cf433989fdcd07e3c31e7aa21f00": "https:\/\/cpee.org\/flow\/engine\/16797\/callbacks\/9865bceb31a51a6e818bc948fcb94f78",
    "a2656e201a5de6ed0e58526edf42ab86": "https:\/\/cpee.org\/flow\/engine\/16798\/callbacks\/03b02831e9a7a029d176f3d7dfd953b0",
    "7a548a3e3782f63d6fd537a08e3d7c0c": "https:\/\/cpee.org\/flow\/engine\/16800\/callbacks\/92d5f8ed4f0f9f503ff51bd7744b3947",
    "fcf73c39ff343134c1518114aefad4ff": "https:\/\/cpee.org\/flow\/engine\/16802\/callbacks\/9b1ddc5caa3288d903724e1477fe2af8",
    "bfab8ea2b120bba5b29a3488a747a874": "https:\/\/cpee.org\/flow\/engine\/16821\/callbacks\/c10a5df5780aa9283348fdcbc678a063",
    "887bfe035d1be4b9f3adc59cdb39d13c": "https:\/\/cpee.org\/flow\/engine\/16899\/callbacks\/a625ba0606acf65824e991a8cf457973"
}