<?xml version="1.0" encoding="UTF-8"?>
<orderitems>
	<orderitem orderitemid="104">
		<menu>
			<menuid>102</menuid>
			<name>Hamburger Menu</name>
			<menuitem menuitemid="1006">
				<burger burgerid="589">
					<name>Hamburger</name>
					<numberingredients>8</numberingredients>
				</burger>
			</menuitem>
		</menu>
		<orderiteminfo>
			<duration>17min</duration>
		</orderiteminfo>
	</orderitem>
	<orderitem orderitemid="105">
		<menu>
			<menuid>103</menuid>
			<name>Chickenburger Menu</name>
			<menuitem menuitemid="1009">
				<burger burgerid="515">
					<name>Chickenburger</name>
					<numberingredients>9</numberingredients>
				</burger>
			</menuitem>
		</menu>
		<orderiteminfo>
			<duration>19min</duration>
		</orderiteminfo>
	</orderitem>
	<orderitem orderitemid="106">
		<menu>
			<menuid>104</menuid>
			<name>Chickenburger Menu</name>
			<menuitem menuitemid="1012">
				<burger burgerid="503">
					<name>Chickenburger</name>
					<numberingredients>10</numberingredients>
				</burger>
			</menuitem>
		</menu>
		<orderiteminfo>
			<duration>17min</duration>
		</orderiteminfo>
	</orderitem>
	<orderitem orderitemid="109">
		<menu>
			<menuid>106</menuid>
			<name>Chickenburger Menu</name>
			<menuitem menuitemid="1018">
				<burger burgerid="515">
					<name>Chickenburger</name>
					<numberingredients>9</numberingredients>
				</burger>
			</menuitem>
		</menu>
		<orderiteminfo>
			<duration>15min</duration>
		</orderiteminfo>
	</orderitem>
	<orderitem orderitemid="111">
		<menu>
			<menuid>107</menuid>
			<name>Cheeseburger Menu</name>
			<menuitem menuitemid="1021">
				<burger burgerid="689">
					<name>Cheeseburger</name>
					<numberingredients>9</numberingredients>
				</burger>
			</menuitem>
		</menu>
		<orderiteminfo>
			<duration>17min</duration>
		</orderiteminfo>
	</orderitem>
	<orderitem orderitemid="112">
		<menu>
			<menuid>108</menuid>
			<name>Cheeseburger Menu</name>
			<menuitem menuitemid="1024">
				<burger burgerid="242">
					<name>Cheeseburger</name>
					<numberingredients>10</numberingredients>
				</burger>
			</menuitem>
		</menu>
		<orderiteminfo>
			<duration>15min</duration>
		</orderiteminfo>
	</orderitem>
	<orderitem orderitemid="114">
		<menu>
			<menuid>110</menuid>
			<name>Chickenburger Menu</name>
			<menuitem menuitemid="1030">
				<burger burgerid="728">
					<name>Chickenburger</name>
					<numberingredients>8</numberingredients>
				</burger>
			</menuitem>
		</menu>
		<orderiteminfo>
			<duration>19min</duration>
		</orderiteminfo>
	</orderitem>
	<orderitem orderitemid="116">
		<menu>
			<menuid>112</menuid>
			<name>Cheeseburger Menu</name>
			<menuitem menuitemid="1036">
				<burger burgerid="467">
					<name>Cheeseburger</name>
					<numberingredients>9</numberingredients>
				</burger>
			</menuitem>
		</menu>
		<orderiteminfo>
			<duration>20min</duration>
		</orderiteminfo>
	</orderitem>
	<orderitem orderitemid="117">
		<menu>
			<menuid>113</menuid>
			<name>Chickenburger Menu</name>
			<menuitem menuitemid="1039">
				<burger burgerid="157">
					<name>Chickenburger</name>
					<numberingredients>9</numberingredients>
				</burger>
			</menuitem>
		</menu>
		<orderiteminfo>
			<duration>20min</duration>
		</orderiteminfo>
	</orderitem>
	<orderitem orderitemid="120">
		<menu>
			<menuid>114</menuid>
			<name>Hamburger Menu</name>
			<menuitem menuitemid="1042">
				<burger burgerid="404">
					<name>Hamburger</name>
					<numberingredients>8</numberingredients>
				</burger>
			</menuitem>
		</menu>
		<orderiteminfo>
			<duration>19min</duration>
		</orderiteminfo>
	</orderitem>
	<orderitem orderitemid="123">
		<menu>
			<menuid>116</menuid>
			<name>Hamburger Menu</name>
			<menuitem menuitemid="1048">
				<burger burgerid="121">
					<name>Hamburger</name>
					<numberingredients>9</numberingredients>
				</burger>
			</menuitem>
		</menu>
		<orderiteminfo>
			<duration>17min</duration>
		</orderiteminfo>
	</orderitem>
	<orderitem orderitemid="126">
		<menu>
			<menuid>117</menuid>
			<name>Hamburger Menu</name>
			<menuitem menuitemid="1051">
				<burger burgerid="471">
					<name>Hamburger</name>
					<numberingredients>9</numberingredients>
				</burger>
			</menuitem>
		</menu>
		<orderiteminfo>
			<duration>19min</duration>
		</orderiteminfo>
	</orderitem>
	<orderitem orderitemid="130">
		<menu>
			<menuid>118</menuid>
			<name>Chickenburger Menu</name>
			<menuitem menuitemid="1054">
				<burger burgerid="782">
					<name>Chickenburger</name>
					<numberingredients>8</numberingredients>
				</burger>
			</menuitem>
		</menu>
		<orderiteminfo>
			<duration>20min</duration>
		</orderiteminfo>
	</orderitem>
	<orderitem orderitemid="138">
		<menu>
			<menuid>121</menuid>
			<name>Chickenburger Menu</name>
			<menuitem menuitemid="1063">
				<burger burgerid="559">
					<name>Chickenburger</name>
					<numberingredients>8</numberingredients>
				</burger>
			</menuitem>
		</menu>
		<orderiteminfo>
			<duration>18min</duration>
		</orderiteminfo>
	</orderitem>
	<orderitem orderitemid="143">
		<menu>
			<menuid>125</menuid>
			<name>Cheeseburger Menu</name>
			<menuitem menuitemid="1075">
				<burger burgerid="734">
					<name>Cheeseburger</name>
					<numberingredients>9</numberingredients>
				</burger>
			</menuitem>
		</menu>
		<orderiteminfo>
			<duration>17min</duration>
		</orderiteminfo>
	</orderitem>
	<orderitem orderitemid="145">
		<menu>
			<menuid>126</menuid>
			<name>Hamburger Menu</name>
			<menuitem menuitemid="1078">
				<burger burgerid="186">
					<name>Hamburger</name>
					<numberingredients>8</numberingredients>
				</burger>
			</menuitem>
		</menu>
		<orderiteminfo>
			<duration>18min</duration>
		</orderiteminfo>
	</orderitem>
	<orderitem orderitemid="147">
		<menu>
			<menuid>128</menuid>
			<name>Cheeseburger Menu</name>
			<menuitem menuitemid="1084">
				<burger burgerid="701">
					<name>Cheeseburger</name>
					<numberingredients>8</numberingredients>
				</burger>
			</menuitem>
		</menu>
		<orderiteminfo>
			<duration>17min</duration>
		</orderiteminfo>
	</orderitem>
	<orderitem orderitemid="149">
		<menu>
			<menuid>130</menuid>
			<name>Hamburger Menu</name>
			<menuitem menuitemid="1090">
				<burger burgerid="264">
					<name>Hamburger</name>
					<numberingredients>8</numberingredients>
				</burger>
			</menuitem>
		</menu>
		<orderiteminfo>
			<duration>19min</duration>
		</orderiteminfo>
	</orderitem>
	<orderitem orderitemid="151">
		<menu>
			<menuid>132</menuid>
			<name>Hamburger Menu</name>
			<menuitem menuitemid="1096">
				<burger burgerid="106">
					<name>Hamburger</name>
					<numberingredients>10</numberingredients>
				</burger>
			</menuitem>
		</menu>
		<orderiteminfo>
			<duration>18min</duration>
		</orderiteminfo>
	</orderitem>
	<orderitem orderitemid="157">
		<menu>
			<menuid>134</menuid>
			<name>Chickenburger Menu</name>
			<menuitem menuitemid="1102">
				<burger burgerid="366">
					<name>Chickenburger</name>
					<numberingredients>9</numberingredients>
				</burger>
			</menuitem>
		</menu>
		<orderiteminfo>
			<duration>19min</duration>
		</orderiteminfo>
	</orderitem>
	<orderitem orderitemid="160">
		<menu>
			<menuid>135</menuid>
			<name>Hamburger Menu</name>
			<menuitem menuitemid="1105">
				<burger burgerid="737">
					<name>Hamburger</name>
					<numberingredients>9</numberingredients>
				</burger>
			</menuitem>
		</menu>
		<orderiteminfo>
			<duration>20min</duration>
		</orderiteminfo>
	</orderitem>
	<orderitem orderitemid="161">
		<menu>
			<menuid>136</menuid>
			<name>Chickenburger Menu</name>
			<menuitem menuitemid="1108">
				<burger burgerid="159">
					<name>Chickenburger</name>
					<numberingredients>8</numberingredients>
				</burger>
			</menuitem>
		</menu>
		<orderiteminfo>
			<duration>18min</duration>
		</orderiteminfo>
	</orderitem>
	<orderitem orderitemid="165">
		<menu>
			<menuid>138</menuid>
			<name>Hamburger Menu</name>
			<menuitem menuitemid="1114">
				<burger burgerid="492">
					<name>Hamburger</name>
					<numberingredients>9</numberingredients>
				</burger>
			</menuitem>
		</menu>
		<orderiteminfo>
			<duration>18min</duration>
		</orderiteminfo>
	</orderitem>
	<orderitem orderitemid="166">
		<menu>
			<menuid>139</menuid>
			<name>Hamburger Menu</name>
			<menuitem menuitemid="1117">
				<burger burgerid="469">
					<name>Hamburger</name>
					<numberingredients>9</numberingredients>
				</burger>
			</menuitem>
		</menu>
		<orderiteminfo>
			<duration>17min</duration>
		</orderiteminfo>
	</orderitem>
	<orderitem orderitemid="167">
		<menu>
			<menuid>140</menuid>
			<name>Cheeseburger Menu</name>
			<menuitem menuitemid="1120">
				<burger burgerid="103">
					<name>Cheeseburger</name>
					<numberingredients>9</numberingredients>
				</burger>
			</menuitem>
		</menu>
		<orderiteminfo>
			<duration>21min</duration>
		</orderiteminfo>
	</orderitem>
	<orderitem orderitemid="173">
		<menu>
			<menuid>142</menuid>
			<name>Chickenburger Menu</name>
			<menuitem menuitemid="1126">
				<burger burgerid="782">
					<name>Chickenburger</name>
					<numberingredients>8</numberingredients>
				</burger>
			</menuitem>
		</menu>
		<orderiteminfo>
			<duration>20min</duration>
		</orderiteminfo>
	</orderitem>
	<orderitem orderitemid="195">
		<menu>
			<menuid>149</menuid>
			<name>Hamburger Menu</name>
			<menuitem menuitemid="1147">
				<burger burgerid="526">
					<name>Hamburger</name>
					<numberingredients>9</numberingredients>
				</burger>
			</menuitem>
		</menu>
		<orderiteminfo>
			<duration>21min</duration>
		</orderiteminfo>
	</orderitem>
	<orderitem orderitemid="201">
		<menu>
			<menuid>152</menuid>
			<name>Cheeseburger Menu</name>
			<menuitem menuitemid="1156">
				<burger burgerid="687">
					<name>Cheeseburger</name>
					<numberingredients>9</numberingredients>
				</burger>
			</menuitem>
		</menu>
		<orderiteminfo>
			<duration>22min</duration>
		</orderiteminfo>
	</orderitem>
	<orderitem orderitemid="204">
		<menu>
			<menuid>153</menuid>
			<name>Cheeseburger Menu</name>
			<menuitem menuitemid="1159">
				<burger burgerid="507">
					<name>Cheeseburger</name>
					<numberingredients>9</numberingredients>
				</burger>
			</menuitem>
		</menu>
		<orderiteminfo>
			<duration>20min</duration>
		</orderiteminfo>
	</orderitem>
	<orderitem orderitemid="210">
		<menu>
			<menuid>155</menuid>
			<name>Cheeseburger Menu</name>
			<menuitem menuitemid="1165">
				<burger burgerid="689">
					<name>Cheeseburger</name>
					<numberingredients>9</numberingredients>
				</burger>
			</menuitem>
		</menu>
		<orderiteminfo>
			<duration>17min</duration>
		</orderiteminfo>
	</orderitem>
	<orderitem orderitemid="221">
		<menu>
			<menuid>159</menuid>
			<name>Chickenburger Menu</name>
			<menuitem menuitemid="1177">
				<burger burgerid="568">
					<name>Chickenburger</name>
					<numberingredients>9</numberingredients>
				</burger>
			</menuitem>
		</menu>
		<orderiteminfo>
			<duration>17min</duration>
		</orderiteminfo>
	</orderitem>
	<orderitem orderitemid="228">
		<menu>
			<menuid>163</menuid>
			<name>Hamburger Menu</name>
			<menuitem menuitemid="1189">
				<burger burgerid="607">
					<name>Hamburger</name>
					<numberingredients>10</numberingredients>
				</burger>
			</menuitem>
		</menu>
		<orderiteminfo>
			<duration>18min</duration>
		</orderiteminfo>
	</orderitem>
	<orderitem orderitemid="230">
		<menu>
			<menuid>164</menuid>
			<name>Cheeseburger Menu</name>
			<menuitem menuitemid="1192">
				<burger burgerid="627">
					<name>Cheeseburger</name>
					<numberingredients>9</numberingredients>
				</burger>
			</menuitem>
		</menu>
		<orderiteminfo>
			<duration>17min</duration>
		</orderiteminfo>
	</orderitem>
	<orderitem orderitemid="233">
		<menu>
			<menuid>165</menuid>
			<name>Chickenburger Menu</name>
			<menuitem menuitemid="1195">
				<burger burgerid="763">
					<name>Chickenburger</name>
					<numberingredients>9</numberingredients>
				</burger>
			</menuitem>
		</menu>
		<orderiteminfo>
			<duration>20min</duration>
		</orderiteminfo>
	</orderitem>
	<orderitem orderitemid="236">
		<menu>
			<menuid>166</menuid>
			<name>Hamburger Menu</name>
			<menuitem menuitemid="1198">
				<burger burgerid="653">
					<name>Hamburger</name>
					<numberingredients>8</numberingredients>
				</burger>
			</menuitem>
		</menu>
		<orderiteminfo>
			<duration>19min</duration>
		</orderiteminfo>
	</orderitem>
	<orderitem orderitemid="238">
		<menu>
			<menuid>167</menuid>
			<name>Cheeseburger Menu</name>
			<menuitem menuitemid="1201">
				<burger burgerid="507">
					<name>Cheeseburger</name>
					<numberingredients>9</numberingredients>
				</burger>
			</menuitem>
		</menu>
		<orderiteminfo>
			<duration>20min</duration>
		</orderiteminfo>
	</orderitem>
	<orderitem orderitemid="239">
		<menu>
			<menuid>168</menuid>
			<name>Cheeseburger Menu</name>
			<menuitem menuitemid="1204">
				<burger burgerid="633">
					<name>Cheeseburger</name>
					<numberingredients>9</numberingredients>
				</burger>
			</menuitem>
		</menu>
		<orderiteminfo>
			<duration>19min</duration>
		</orderiteminfo>
	</orderitem>
	<orderitem orderitemid="246">
		<menu>
			<menuid>172</menuid>
			<name>Chickenburger Menu</name>
			<menuitem menuitemid="1216">
				<burger burgerid="307">
					<name>Chickenburger</name>
					<numberingredients>9</numberingredients>
				</burger>
			</menuitem>
		</menu>
		<orderiteminfo>
			<duration>16min</duration>
		</orderiteminfo>
	</orderitem>
	<orderitem orderitemid="256">
		<menu>
			<menuid>174</menuid>
			<name>Chickenburger Menu</name>
			<menuitem menuitemid="1222">
				<burger burgerid="156">
					<name>Chickenburger</name>
					<numberingredients>8</numberingredients>
				</burger>
			</menuitem>
		</menu>
		<orderiteminfo>
			<duration>19min</duration>
		</orderiteminfo>
	</orderitem>
	<orderitem orderitemid="258">
		<menu>
			<menuid>176</menuid>
			<name>Cheeseburger Menu</name>
			<menuitem menuitemid="1228">
				<burger burgerid="598">
					<name>Cheeseburger</name>
					<numberingredients>8</numberingredients>
				</burger>
			</menuitem>
		</menu>
		<orderiteminfo>
			<duration>19min</duration>
		</orderiteminfo>
	</orderitem>
	<orderitem orderitemid="262">
		<menu>
			<menuid>179</menuid>
			<name>Chickenburger Menu</name>
			<menuitem menuitemid="1237">
				<burger burgerid="411">
					<name>Chickenburger</name>
					<numberingredients>9</numberingredients>
				</burger>
			</menuitem>
		</menu>
		<orderiteminfo>
			<duration>16min</duration>
		</orderiteminfo>
	</orderitem>
	<orderitem orderitemid="266">
		<menu>
			<menuid>181</menuid>
			<name>Hamburger Menu</name>
			<menuitem menuitemid="1243">
				<burger burgerid="471">
					<name>Hamburger</name>
					<numberingredients>9</numberingredients>
				</burger>
			</menuitem>
		</menu>
		<orderiteminfo>
			<duration>19min</duration>
		</orderiteminfo>
	</orderitem>
	<orderitem orderitemid="269">
		<menu>
			<menuid>184</menuid>
			<name>Hamburger Menu</name>
			<menuitem menuitemid="1252">
				<burger burgerid="558">
					<name>Hamburger</name>
					<numberingredients>8</numberingredients>
				</burger>
			</menuitem>
		</menu>
		<orderiteminfo>
			<duration>19min</duration>
		</orderiteminfo>
	</orderitem>
	<orderitem orderitemid="270">
		<menu>
			<menuid>185</menuid>
			<name>Chickenburger Menu</name>
			<menuitem menuitemid="1255">
				<burger burgerid="125">
					<name>Chickenburger</name>
					<numberingredients>9</numberingredients>
				</burger>
			</menuitem>
		</menu>
		<orderiteminfo>
			<duration>18min</duration>
		</orderiteminfo>
	</orderitem>
	<orderitem orderitemid="271">
		<menu>
			<menuid>186</menuid>
			<name>Chickenburger Menu</name>
			<menuitem menuitemid="1258">
				<burger burgerid="353">
					<name>Chickenburger</name>
					<numberingredients>9</numberingredients>
				</burger>
			</menuitem>
		</menu>
		<orderiteminfo>
			<duration>17min</duration>
		</orderiteminfo>
	</orderitem>
	<orderitem orderitemid="275">
		<menu>
			<menuid>188</menuid>
			<name>Chickenburger Menu</name>
			<menuitem menuitemid="1264">
				<burger burgerid="754">
					<name>Chickenburger</name>
					<numberingredients>8</numberingredients>
				</burger>
			</menuitem>
		</menu>
		<orderiteminfo>
			<duration>22min</duration>
		</orderiteminfo>
	</orderitem>
	<orderitem orderitemid="281">
		<menu>
			<menuid>191</menuid>
			<name>Chickenburger Menu</name>
			<menuitem menuitemid="1273">
				<burger burgerid="142">
					<name>Chickenburger</name>
					<numberingredients>9</numberingredients>
				</burger>
			</menuitem>
		</menu>
		<orderiteminfo>
			<duration>17min</duration>
		</orderiteminfo>
	</orderitem>
	<orderitem orderitemid="284">
		<menu>
			<menuid>194</menuid>
			<name>Hamburger Menu</name>
			<menuitem menuitemid="1282">
				<burger burgerid="630">
					<name>Hamburger</name>
					<numberingredients>10</numberingredients>
				</burger>
			</menuitem>
		</menu>
		<orderiteminfo>
			<duration>19min</duration>
		</orderiteminfo>
	</orderitem>
	<orderitem orderitemid="287">
		<menu>
			<menuid>197</menuid>
			<name>Chickenburger Menu</name>
			<menuitem menuitemid="1291">
				<burger burgerid="461">
					<name>Chickenburger</name>
					<numberingredients>8</numberingredients>
				</burger>
			</menuitem>
		</menu>
		<orderiteminfo>
			<duration>18min</duration>
		</orderiteminfo>
	</orderitem>
	<orderitem orderitemid="288">
		<menu>
			<menuid>198</menuid>
			<name>Hamburger Menu</name>
			<menuitem menuitemid="1294">
				<burger burgerid="257">
					<name>Hamburger</name>
					<numberingredients>9</numberingredients>
				</burger>
			</menuitem>
		</menu>
		<orderiteminfo>
			<duration>17min</duration>
		</orderiteminfo>
	</orderitem>
	<orderitem orderitemid="289">
		<menu>
			<menuid>199</menuid>
			<name>Cheeseburger Menu</name>
			<menuitem menuitemid="1297">
				<burger burgerid="221">
					<name>Cheeseburger</name>
					<numberingredients>8</numberingredients>
				</burger>
			</menuitem>
		</menu>
		<orderiteminfo>
			<duration>20min</duration>
		</orderiteminfo>
	</orderitem>
	<orderitem orderitemid="290">
		<menu>
			<menuid>200</menuid>
			<name>Cheeseburger Menu</name>
			<menuitem menuitemid="1300">
				<burger burgerid="268">
					<name>Cheeseburger</name>
					<numberingredients>9</numberingredients>
				</burger>
			</menuitem>
		</menu>
		<orderiteminfo>
			<duration>22min</duration>
		</orderiteminfo>
	</orderitem>
	<orderitem orderitemid="291">
		<menu>
			<menuid>201</menuid>
			<name>Cheeseburger Menu</name>
			<menuitem menuitemid="1303">
				<burger burgerid="640">
					<name>Cheeseburger</name>
					<numberingredients>9</numberingredients>
				</burger>
			</menuitem>
		</menu>
		<orderiteminfo>
			<duration>19min</duration>
		</orderiteminfo>
	</orderitem>
	<orderitem orderitemid="295">
		<menu>
			<menuid>203</menuid>
			<name>Cheeseburger Menu</name>
			<menuitem menuitemid="1309">
				<burger burgerid="242">
					<name>Cheeseburger</name>
					<numberingredients>10</numberingredients>
				</burger>
			</menuitem>
		</menu>
		<orderiteminfo>
			<duration>17min</duration>
		</orderiteminfo>
	</orderitem>
	<orderitem orderitemid="297">
		<menu>
			<menuid>205</menuid>
			<name>Chickenburger Menu</name>
			<menuitem menuitemid="1315">
				<burger burgerid="538">
					<name>Chickenburger</name>
					<numberingredients>8</numberingredients>
				</burger>
			</menuitem>
		</menu>
		<orderiteminfo>
			<duration>20min</duration>
		</orderiteminfo>
	</orderitem>
	<orderitem orderitemid="300">
		<menu>
			<menuid>207</menuid>
			<name>Cheeseburger Menu</name>
			<menuitem menuitemid="1321">
				<burger burgerid="103">
					<name>Cheeseburger</name>
					<numberingredients>9</numberingredients>
				</burger>
			</menuitem>
		</menu>
		<orderiteminfo>
			<duration>19min</duration>
		</orderiteminfo>
	</orderitem>
	<orderitem orderitemid="302">
		<menu>
			<menuid>209</menuid>
			<name>Cheeseburger Menu</name>
			<menuitem menuitemid="1327">
				<burger burgerid="407">
					<name>Cheeseburger</name>
					<numberingredients>8</numberingredients>
				</burger>
			</menuitem>
		</menu>
		<orderiteminfo>
			<duration>19min</duration>
		</orderiteminfo>
	</orderitem>
	<orderitem orderitemid="305">
		<menu>
			<menuid>211</menuid>
			<name>Cheeseburger Menu</name>
			<menuitem menuitemid="1333">
				<burger burgerid="450">
					<name>Cheeseburger</name>
					<numberingredients>10</numberingredients>
				</burger>
			</menuitem>
		</menu>
		<orderiteminfo>
			<duration>17min</duration>
		</orderiteminfo>
	</orderitem>
	<orderitem orderitemid="307">
		<menu>
			<menuid>213</menuid>
			<name>Hamburger Menu</name>
			<menuitem menuitemid="1339">
				<burger burgerid="147">
					<name>Hamburger</name>
					<numberingredients>9</numberingredients>
				</burger>
			</menuitem>
		</menu>
		<orderiteminfo>
			<duration>20min</duration>
		</orderiteminfo>
	</orderitem>
	<orderitem orderitemid="310">
		<menu>
			<menuid>214</menuid>
			<name>Cheeseburger Menu</name>
			<menuitem menuitemid="1342">
				<burger burgerid="627">
					<name>Cheeseburger</name>
					<numberingredients>9</numberingredients>
				</burger>
			</menuitem>
		</menu>
		<orderiteminfo>
			<duration>21min</duration>
		</orderiteminfo>
	</orderitem>
	<orderitem orderitemid="313">
		<menu>
			<menuid>216</menuid>
			<name>Chickenburger Menu</name>
			<menuitem menuitemid="1348">
				<burger burgerid="495">
					<name>Chickenburger</name>
					<numberingredients>8</numberingredients>
				</burger>
			</menuitem>
		</menu>
		<orderiteminfo>
			<duration>18min</duration>
		</orderiteminfo>
	</orderitem>
	<orderitem orderitemid="315">
		<menu>
			<menuid>217</menuid>
			<name>Cheeseburger Menu</name>
			<menuitem menuitemid="1351">
				<burger burgerid="107">
					<name>Cheeseburger</name>
					<numberingredients>9</numberingredients>
				</burger>
			</menuitem>
		</menu>
		<orderiteminfo>
			<duration>20min</duration>
		</orderiteminfo>
	</orderitem>
	<orderitem orderitemid="322">
		<menu>
			<menuid>222</menuid>
			<name>Cheeseburger Menu</name>
			<menuitem menuitemid="1366">
				<burger burgerid="629">
					<name>Cheeseburger</name>
					<numberingredients>10</numberingredients>
				</burger>
			</menuitem>
		</menu>
		<orderiteminfo>
			<duration>17min</duration>
		</orderiteminfo>
	</orderitem>
	<orderitem orderitemid="334">
		<menu>
			<menuid>225</menuid>
			<name>Hamburger Menu</name>
			<menuitem menuitemid="1375">
				<burger burgerid="630">
					<name>Hamburger</name>
					<numberingredients>10</numberingredients>
				</burger>
			</menuitem>
		</menu>
		<orderiteminfo>
			<duration>17min</duration>
		</orderiteminfo>
	</orderitem>
	<orderitem orderitemid="336">
		<menu>
			<menuid>226</menuid>
			<name>Hamburger Menu</name>
			<menuitem menuitemid="1378">
				<burger burgerid="347">
					<name>Hamburger</name>
					<numberingredients>10</numberingredients>
				</burger>
			</menuitem>
		</menu>
		<orderiteminfo>
			<duration>15min</duration>
		</orderiteminfo>
	</orderitem>
	<orderitem orderitemid="339">
		<menu>
			<menuid>227</menuid>
			<name>Hamburger Menu</name>
			<menuitem menuitemid="1381">
				<burger burgerid="250">
					<name>Hamburger</name>
					<numberingredients>9</numberingredients>
				</burger>
			</menuitem>
		</menu>
		<orderiteminfo>
			<duration>20min</duration>
		</orderiteminfo>
	</orderitem>
	<orderitem orderitemid="345">
		<menu>
			<menuid>230</menuid>
			<name>Cheeseburger Menu</name>
			<menuitem menuitemid="1390">
				<burger burgerid="729">
					<name>Cheeseburger</name>
					<numberingredients>9</numberingredients>
				</burger>
			</menuitem>
		</menu>
		<orderiteminfo>
			<duration>19min</duration>
		</orderiteminfo>
	</orderitem>
	<orderitem orderitemid="347">
		<menu>
			<menuid>232</menuid>
			<name>Hamburger Menu</name>
			<menuitem menuitemid="1396">
				<burger burgerid="731">
					<name>Hamburger</name>
					<numberingredients>9</numberingredients>
				</burger>
			</menuitem>
		</menu>
		<orderiteminfo>
			<duration>18min</duration>
		</orderiteminfo>
	</orderitem>
	<orderitem orderitemid="350">
		<menu>
			<menuid>233</menuid>
			<name>Hamburger Menu</name>
			<menuitem menuitemid="1399">
				<burger burgerid="736">
					<name>Hamburger</name>
					<numberingredients>9</numberingredients>
				</burger>
			</menuitem>
		</menu>
		<orderiteminfo>
			<duration>18min</duration>
		</orderiteminfo>
	</orderitem>
	<orderitem orderitemid="353">
		<menu>
			<menuid>235</menuid>
			<name>Hamburger Menu</name>
			<menuitem menuitemid="1405">
				<burger burgerid="190">
					<name>Hamburger</name>
					<numberingredients>9</numberingredients>
				</burger>
			</menuitem>
		</menu>
		<orderiteminfo>
			<duration>17min</duration>
		</orderiteminfo>
	</orderitem>
	<orderitem orderitemid="356">
		<menu>
			<menuid>236</menuid>
			<name>Chickenburger Menu</name>
			<menuitem menuitemid="1408">
				<burger burgerid="791">
					<name>Chickenburger</name>
					<numberingredients>9</numberingredients>
				</burger>
			</menuitem>
		</menu>
		<orderiteminfo>
			<duration>20min</duration>
		</orderiteminfo>
	</orderitem>
	<orderitem orderitemid="361">
		<menu>
			<menuid>238</menuid>
			<name>Cheeseburger Menu</name>
			<menuitem menuitemid="1414">
				<burger burgerid="439">
					<name>Cheeseburger</name>
					<numberingredients>10</numberingredients>
				</burger>
			</menuitem>
		</menu>
		<orderiteminfo>
			<duration>17min</duration>
		</orderiteminfo>
	</orderitem>
	<orderitem orderitemid="367">
		<menu>
			<menuid>240</menuid>
			<name>Cheeseburger Menu</name>
			<menuitem menuitemid="1420">
				<burger burgerid="629">
					<name>Cheeseburger</name>
					<numberingredients>10</numberingredients>
				</burger>
			</menuitem>
		</menu>
		<orderiteminfo>
			<duration>21min</duration>
		</orderiteminfo>
	</orderitem>
	<orderitem orderitemid="381">
		<menu>
			<menuid>243</menuid>
			<name>Cheeseburger Menu</name>
			<menuitem menuitemid="1429">
				<burger burgerid="322">
					<name>Cheeseburger</name>
					<numberingredients>9</numberingredients>
				</burger>
			</menuitem>
		</menu>
		<orderiteminfo>
			<duration>22min</duration>
		</orderiteminfo>
	</orderitem>
	<orderitem orderitemid="386">
		<menu>
			<menuid>248</menuid>
			<name>Chickenburger Menu</name>
			<menuitem menuitemid="1444">
				<burger burgerid="566">
					<name>Chickenburger</name>
					<numberingredients>8</numberingredients>
				</burger>
			</menuitem>
		</menu>
		<orderiteminfo>
			<duration>17min</duration>
		</orderiteminfo>
	</orderitem>
	<orderitem orderitemid="387">
		<menu>
			<menuid>249</menuid>
			<name>Chickenburger Menu</name>
			<menuitem menuitemid="1447">
				<burger burgerid="156">
					<name>Chickenburger</name>
					<numberingredients>8</numberingredients>
				</burger>
			</menuitem>
		</menu>
		<orderiteminfo>
			<duration>19min</duration>
		</orderiteminfo>
	</orderitem>
	<orderitem orderitemid="390">
		<menu>
			<menuid>250</menuid>
			<name>Hamburger Menu</name>
			<menuitem menuitemid="1450">
				<burger burgerid="562">
					<name>Hamburger</name>
					<numberingredients>9</numberingredients>
				</burger>
			</menuitem>
		</menu>
		<orderiteminfo>
			<duration>17min</duration>
		</orderiteminfo>
	</orderitem>
	<orderitem orderitemid="392">
		<menu>
			<menuid>251</menuid>
			<name>Chickenburger Menu</name>
			<menuitem menuitemid="1453">
				<burger burgerid="399">
					<name>Chickenburger</name>
					<numberingredients>8</numberingredients>
				</burger>
			</menuitem>
		</menu>
		<orderiteminfo>
			<duration>18min</duration>
		</orderiteminfo>
	</orderitem>
	<orderitem orderitemid="395">
		<menu>
			<menuid>253</menuid>
			<name>Cheeseburger Menu</name>
			<menuitem menuitemid="1459">
				<burger burgerid="663">
					<name>Cheeseburger</name>
					<numberingredients>10</numberingredients>
				</burger>
			</menuitem>
		</menu>
		<orderiteminfo>
			<duration>16min</duration>
		</orderiteminfo>
	</orderitem>
	<orderitem orderitemid="396">
		<menu>
			<menuid>254</menuid>
			<name>Cheeseburger Menu</name>
			<menuitem menuitemid="1462">
				<burger burgerid="663">
					<name>Cheeseburger</name>
					<numberingredients>10</numberingredients>
				</burger>
			</menuitem>
		</menu>
		<orderiteminfo>
			<duration>20min</duration>
		</orderiteminfo>
	</orderitem>
	<orderitem orderitemid="397">
		<menu>
			<menuid>255</menuid>
			<name>Chickenburger Menu</name>
			<menuitem menuitemid="1465">
				<burger burgerid="566">
					<name>Chickenburger</name>
					<numberingredients>8</numberingredients>
				</burger>
			</menuitem>
		</menu>
		<orderiteminfo>
			<duration>19min</duration>
		</orderiteminfo>
	</orderitem>
	<orderitem orderitemid="409">
		<menu>
			<menuid>260</menuid>
			<name>Cheeseburger Menu</name>
			<menuitem menuitemid="1480">
				<burger burgerid="502">
					<name>Cheeseburger</name>
					<numberingredients>8</numberingredients>
				</burger>
			</menuitem>
		</menu>
		<orderiteminfo>
			<duration>19min</duration>
		</orderiteminfo>
	</orderitem>
	<orderitem orderitemid="412">
		<menu>
			<menuid>262</menuid>
			<name>Cheeseburger Menu</name>
			<menuitem menuitemid="1486">
				<burger burgerid="464">
					<name>Cheeseburger</name>
					<numberingredients>8</numberingredients>
				</burger>
			</menuitem>
		</menu>
		<orderiteminfo>
			<duration>21min</duration>
		</orderiteminfo>
	</orderitem>
	<orderitem orderitemid="415">
		<menu>
			<menuid>263</menuid>
			<name>Chickenburger Menu</name>
			<menuitem menuitemid="1489">
				<burger burgerid="174">
					<name>Chickenburger</name>
					<numberingredients>8</numberingredients>
				</burger>
			</menuitem>
		</menu>
		<orderiteminfo>
			<duration>19min</duration>
		</orderiteminfo>
	</orderitem>
	<orderitem orderitemid="418">
		<menu>
			<menuid>266</menuid>
			<name>Cheeseburger Menu</name>
			<menuitem menuitemid="1498">
				<burger burgerid="772">
					<name>Cheeseburger</name>
					<numberingredients>9</numberingredients>
				</burger>
			</menuitem>
		</menu>
		<orderiteminfo>
			<duration>18min</duration>
		</orderiteminfo>
	</orderitem>
	<orderitem orderitemid="419">
		<menu>
			<menuid>267</menuid>
			<name>Cheeseburger Menu</name>
			<menuitem menuitemid="1501">
				<burger burgerid="203">
					<name>Cheeseburger</name>
					<numberingredients>9</numberingredients>
				</burger>
			</menuitem>
		</menu>
		<orderiteminfo>
			<duration>20min</duration>
		</orderiteminfo>
	</orderitem>
	<orderitem orderitemid="421">
		<menu>
			<menuid>269</menuid>
			<name>Chickenburger Menu</name>
			<menuitem menuitemid="1507">
				<burger burgerid="586">
					<name>Chickenburger</name>
					<numberingredients>10</numberingredients>
				</burger>
			</menuitem>
		</menu>
		<orderiteminfo>
			<duration>20min</duration>
		</orderiteminfo>
	</orderitem>
	<orderitem orderitemid="424">
		<menu>
			<menuid>271</menuid>
			<name>Chickenburger Menu</name>
			<menuitem menuitemid="1513">
				<burger burgerid="418">
					<name>Chickenburger</name>
					<numberingredients>8</numberingredients>
				</burger>
			</menuitem>
		</menu>
		<orderiteminfo>
			<duration>20min</duration>
		</orderiteminfo>
	</orderitem>
	<orderitem orderitemid="428">
		<menu>
			<menuid>272</menuid>
			<name>Hamburger Menu</name>
			<menuitem menuitemid="1516">
				<burger burgerid="293">
					<name>Hamburger</name>
					<numberingredients>10</numberingredients>
				</burger>
			</menuitem>
		</menu>
		<orderiteminfo>
			<duration>19min</duration>
		</orderiteminfo>
	</orderitem>
	<orderitem orderitemid="437">
		<menu>
			<menuid>277</menuid>
			<name>Cheeseburger Menu</name>
			<menuitem menuitemid="1531">
				<burger burgerid="598">
					<name>Cheeseburger</name>
					<numberingredients>8</numberingredients>
				</burger>
			</menuitem>
		</menu>
		<orderiteminfo>
			<duration>21min</duration>
		</orderiteminfo>
	</orderitem>
	<orderitem orderitemid="438">
		<menu>
			<menuid>278</menuid>
			<name>Chickenburger Menu</name>
			<menuitem menuitemid="1534">
				<burger burgerid="454">
					<name>Chickenburger</name>
					<numberingredients>8</numberingredients>
				</burger>
			</menuitem>
		</menu>
		<orderiteminfo>
			<duration>20min</duration>
		</orderiteminfo>
	</orderitem>
	<orderitem orderitemid="443">
		<menu>
			<menuid>280</menuid>
			<name>Cheeseburger Menu</name>
			<menuitem menuitemid="1540">
				<burger burgerid="322">
					<name>Cheeseburger</name>
					<numberingredients>9</numberingredients>
				</burger>
			</menuitem>
		</menu>
		<orderiteminfo>
			<duration>20min</duration>
		</orderiteminfo>
	</orderitem>
	<orderitem orderitemid="447">
		<menu>
			<menuid>284</menuid>
			<name>Hamburger Menu</name>
			<menuitem menuitemid="1552">
				<burger burgerid="181">
					<name>Hamburger</name>
					<numberingredients>8</numberingredients>
				</burger>
			</menuitem>
		</menu>
		<orderiteminfo>
			<duration>17min</duration>
		</orderiteminfo>
	</orderitem>
	<orderitem orderitemid="450">
		<menu>
			<menuid>285</menuid>
			<name>Hamburger Menu</name>
			<menuitem menuitemid="1555">
				<burger burgerid="646">
					<name>Hamburger</name>
					<numberingredients>8</numberingredients>
				</burger>
			</menuitem>
		</menu>
		<orderiteminfo>
			<duration>20min</duration>
		</orderiteminfo>
	</orderitem>
	<orderitem orderitemid="452">
		<menu>
			<menuid>286</menuid>
			<name>Hamburger Menu</name>
			<menuitem menuitemid="1558">
				<burger burgerid="590">
					<name>Hamburger</name>
					<numberingredients>8</numberingredients>
				</burger>
			</menuitem>
		</menu>
		<orderiteminfo>
			<duration>17min</duration>
		</orderiteminfo>
	</orderitem>
	<orderitem orderitemid="455">
		<menu>
			<menuid>289</menuid>
			<name>Chickenburger Menu</name>
			<menuitem menuitemid="1567">
				<burger burgerid="559">
					<name>Chickenburger</name>
					<numberingredients>8</numberingredients>
				</burger>
			</menuitem>
		</menu>
		<orderiteminfo>
			<duration>16min</duration>
		</orderiteminfo>
	</orderitem>
	<orderitem orderitemid="458">
		<menu>
			<menuid>291</menuid>
			<name>Cheeseburger Menu</name>
			<menuitem menuitemid="1573">
				<burger burgerid="274">
					<name>Cheeseburger</name>
					<numberingredients>8</numberingredients>
				</burger>
			</menuitem>
		</menu>
		<orderiteminfo>
			<duration>20min</duration>
		</orderiteminfo>
	</orderitem>
	<orderitem orderitemid="466">
		<menu>
			<menuid>295</menuid>
			<name>Hamburger Menu</name>
			<menuitem menuitemid="1585">
				<burger burgerid="679">
					<name>Hamburger</name>
					<numberingredients>9</numberingredients>
				</burger>
			</menuitem>
		</menu>
		<orderiteminfo>
			<duration>17min</duration>
		</orderiteminfo>
	</orderitem>
	<orderitem orderitemid="469">
		<menu>
			<menuid>296</menuid>
			<name>Chickenburger Menu</name>
			<menuitem menuitemid="1588">
				<burger burgerid="782">
					<name>Chickenburger</name>
					<numberingredients>8</numberingredients>
				</burger>
			</menuitem>
		</menu>
		<orderiteminfo>
			<duration>20min</duration>
		</orderiteminfo>
	</orderitem>
	<orderitem orderitemid="472">
		<menu>
			<menuid>297</menuid>
			<name>Cheeseburger Menu</name>
			<menuitem menuitemid="1591">
				<burger burgerid="289">
					<name>Cheeseburger</name>
					<numberingredients>8</numberingredients>
				</burger>
			</menuitem>
		</menu>
		<orderiteminfo>
			<duration>15min</duration>
		</orderiteminfo>
	</orderitem>
	<orderitem orderitemid="473">
		<menu>
			<menuid>298</menuid>
			<name>Hamburger Menu</name>
			<menuitem menuitemid="1594">
				<burger burgerid="154">
					<name>Hamburger</name>
					<numberingredients>8</numberingredients>
				</burger>
			</menuitem>
		</menu>
		<orderiteminfo>
			<duration>18min</duration>
		</orderiteminfo>
	</orderitem>
	<orderitem orderitemid="479">
		<menu>
			<menuid>299</menuid>
			<name>Cheeseburger Menu</name>
			<menuitem menuitemid="1597">
				<burger burgerid="203">
					<name>Cheeseburger</name>
					<numberingredients>9</numberingredients>
				</burger>
			</menuitem>
		</menu>
		<orderiteminfo>
			<duration>20min</duration>
		</orderiteminfo>
	</orderitem>
	<orderitem orderitemid="480">
		<menu>
			<menuid>300</menuid>
			<name>Cheeseburger Menu</name>
			<menuitem menuitemid="1600">
				<burger burgerid="512">
					<name>Cheeseburger</name>
					<numberingredients>8</numberingredients>
				</burger>
			</menuitem>
		</menu>
		<orderiteminfo>
			<duration>21min</duration>
		</orderiteminfo>
	</orderitem>
	<orderitem orderitemid="484">
		<menu>
			<menuid>303</menuid>
			<name>Hamburger Menu</name>
			<menuitem menuitemid="1609">
				<burger burgerid="165">
					<name>Hamburger</name>
					<numberingredients>9</numberingredients>
				</burger>
			</menuitem>
		</menu>
		<orderiteminfo>
			<duration>18min</duration>
		</orderiteminfo>
	</orderitem>
	<orderitem orderitemid="485">
		<menu>
			<menuid>304</menuid>
			<name>Hamburger Menu</name>
			<menuitem menuitemid="1612">
				<burger burgerid="250">
					<name>Hamburger</name>
					<numberingredients>9</numberingredients>
				</burger>
			</menuitem>
		</menu>
		<orderiteminfo>
			<duration>20min</duration>
		</orderiteminfo>
	</orderitem>
	<orderitem orderitemid="487">
		<menu>
			<menuid>305</menuid>
			<name>Hamburger Menu</name>
			<menuitem menuitemid="1615">
				<burger burgerid="123">
					<name>Hamburger</name>
					<numberingredients>8</numberingredients>
				</burger>
			</menuitem>
		</menu>
		<orderiteminfo>
			<duration>20min</duration>
		</orderiteminfo>
	</orderitem>
	<orderitem orderitemid="494">
		<menu>
			<menuid>309</menuid>
			<name>Hamburger Menu</name>
			<menuitem menuitemid="1627">
				<burger burgerid="181">
					<name>Hamburger</name>
					<numberingredients>8</numberingredients>
				</burger>
			</menuitem>
		</menu>
		<orderiteminfo>
			<duration>19min</duration>
		</orderiteminfo>
	</orderitem>
	<orderitem orderitemid="495">
		<menu>
			<menuid>310</menuid>
			<name>Chickenburger Menu</name>
			<menuitem menuitemid="1630">
				<burger burgerid="235">
					<name>Chickenburger</name>
					<numberingredients>9</numberingredients>
				</burger>
			</menuitem>
		</menu>
		<orderiteminfo>
			<duration>15min</duration>
		</orderiteminfo>
	</orderitem>
	<orderitem orderitemid="503">
		<menu>
			<menuid>314</menuid>
			<name>Hamburger Menu</name>
			<menuitem menuitemid="1642">
				<burger burgerid="683">
					<name>Hamburger</name>
					<numberingredients>8</numberingredients>
				</burger>
			</menuitem>
		</menu>
		<orderiteminfo>
			<duration>20min</duration>
		</orderiteminfo>
	</orderitem>
	<orderitem orderitemid="505">
		<menu>
			<menuid>315</menuid>
			<name>Cheeseburger Menu</name>
			<menuitem menuitemid="1645">
				<burger burgerid="268">
					<name>Cheeseburger</name>
					<numberingredients>9</numberingredients>
				</burger>
			</menuitem>
		</menu>
		<orderiteminfo>
			<duration>22min</duration>
		</orderiteminfo>
	</orderitem>
	<orderitem orderitemid="508">
		<menu>
			<menuid>317</menuid>
			<name>Cheeseburger Menu</name>
			<menuitem menuitemid="1651">
				<burger burgerid="490">
					<name>Cheeseburger</name>
					<numberingredients>9</numberingredients>
				</burger>
			</menuitem>
		</menu>
		<orderiteminfo>
			<duration>19min</duration>
		</orderiteminfo>
	</orderitem>
	<orderitem orderitemid="509">
		<menu>
			<menuid>318</menuid>
			<name>Chickenburger Menu</name>
			<menuitem menuitemid="1654">
				<burger burgerid="320">
					<name>Chickenburger</name>
					<numberingredients>8</numberingredients>
				</burger>
			</menuitem>
		</menu>
		<orderiteminfo>
			<duration>19min</duration>
		</orderiteminfo>
	</orderitem>
	<orderitem orderitemid="511">
		<menu>
			<menuid>319</menuid>
			<name>Chickenburger Menu</name>
			<menuitem menuitemid="1657">
				<burger burgerid="606">
					<name>Chickenburger</name>
					<numberingredients>9</numberingredients>
				</burger>
			</menuitem>
		</menu>
		<orderiteminfo>
			<duration>17min</duration>
		</orderiteminfo>
	</orderitem>
	<orderitem orderitemid="518">
		<menu>
			<menuid>323</menuid>
			<name>Chickenburger Menu</name>
			<menuitem menuitemid="1669">
				<burger burgerid="150">
					<name>Chickenburger</name>
					<numberingredients>9</numberingredients>
				</burger>
			</menuitem>
		</menu>
		<orderiteminfo>
			<duration>18min</duration>
		</orderiteminfo>
	</orderitem>
	<orderitem orderitemid="519">
		<menu>
			<menuid>324</menuid>
			<name>Hamburger Menu</name>
			<menuitem menuitemid="1672">
				<burger burgerid="243">
					<name>Hamburger</name>
					<numberingredients>10</numberingredients>
				</burger>
			</menuitem>
		</menu>
		<orderiteminfo>
			<duration>17min</duration>
		</orderiteminfo>
	</orderitem>
	<orderitem orderitemid="528">
		<menu>
			<menuid>329</menuid>
			<name>Cheeseburger Menu</name>
			<menuitem menuitemid="1687">
				<burger burgerid="758">
					<name>Cheeseburger</name>
					<numberingredients>8</numberingredients>
				</burger>
			</menuitem>
		</menu>
		<orderiteminfo>
			<duration>20min</duration>
		</orderiteminfo>
	</orderitem>
	<orderitem orderitemid="536">
		<menu>
			<menuid>332</menuid>
			<name>Cheeseburger Menu</name>
			<menuitem menuitemid="1696">
				<burger burgerid="613">
					<name>Cheeseburger</name>
					<numberingredients>9</numberingredients>
				</burger>
			</menuitem>
		</menu>
		<orderiteminfo>
			<duration>16min</duration>
		</orderiteminfo>
	</orderitem>
	<orderitem orderitemid="549">
		<menu>
			<menuid>336</menuid>
			<name>Chickenburger Menu</name>
			<menuitem menuitemid="1708">
				<burger burgerid="307">
					<name>Chickenburger</name>
					<numberingredients>9</numberingredients>
				</burger>
			</menuitem>
		</menu>
		<orderiteminfo>
			<duration>16min</duration>
		</orderiteminfo>
	</orderitem>
	<orderitem orderitemid="550">
		<menu>
			<menuid>337</menuid>
			<name>Chickenburger Menu</name>
			<menuitem menuitemid="1711">
				<burger burgerid="326">
					<name>Chickenburger</name>
					<numberingredients>10</numberingredients>
				</burger>
			</menuitem>
		</menu>
		<orderiteminfo>
			<duration>22min</duration>
		</orderiteminfo>
	</orderitem>
	<orderitem orderitemid="555">
		<menu>
			<menuid>339</menuid>
			<name>Hamburger Menu</name>
			<menuitem menuitemid="1717">
				<burger burgerid="273">
					<name>Hamburger</name>
					<numberingredients>9</numberingredients>
				</burger>
			</menuitem>
		</menu>
		<orderiteminfo>
			<duration>17min</duration>
		</orderiteminfo>
	</orderitem>
	<orderitem orderitemid="564">
		<menu>
			<menuid>343</menuid>
			<name>Chickenburger Menu</name>
			<menuitem menuitemid="1729">
				<burger burgerid="211">
					<name>Chickenburger</name>
					<numberingredients>10</numberingredients>
				</burger>
			</menuitem>
		</menu>
		<orderiteminfo>
			<duration>16min</duration>
		</orderiteminfo>
	</orderitem>
	<orderitem orderitemid="565">
		<menu>
			<menuid>344</menuid>
			<name>Cheeseburger Menu</name>
			<menuitem menuitemid="1732">
				<burger burgerid="203">
					<name>Cheeseburger</name>
					<numberingredients>9</numberingredients>
				</burger>
			</menuitem>
		</menu>
		<orderiteminfo>
			<duration>20min</duration>
		</orderiteminfo>
	</orderitem>
	<orderitem orderitemid="566">
		<menu>
			<menuid>345</menuid>
			<name>Hamburger Menu</name>
			<menuitem menuitemid="1735">
				<burger burgerid="492">
					<name>Hamburger</name>
					<numberingredients>9</numberingredients>
				</burger>
			</menuitem>
		</menu>
		<orderiteminfo>
			<duration>22min</duration>
		</orderiteminfo>
	</orderitem>
	<orderitem orderitemid="570">
		<menu>
			<menuid>348</menuid>
			<name>Chickenburger Menu</name>
			<menuitem menuitemid="1744">
				<burger burgerid="319">
					<name>Chickenburger</name>
					<numberingredients>8</numberingredients>
				</burger>
			</menuitem>
		</menu>
		<orderiteminfo>
			<duration>16min</duration>
		</orderiteminfo>
	</orderitem>
	<orderitem orderitemid="571">
		<menu>
			<menuid>349</menuid>
			<name>Chickenburger Menu</name>
			<menuitem menuitemid="1747">
				<burger burgerid="542">
					<name>Chickenburger</name>
					<numberingredients>10</numberingredients>
				</burger>
			</menuitem>
		</menu>
		<orderiteminfo>
			<duration>15min</duration>
		</orderiteminfo>
	</orderitem>
	<orderitem orderitemid="572">
		<menu>
			<menuid>350</menuid>
			<name>Hamburger Menu</name>
			<menuitem menuitemid="1750">
				<burger burgerid="575">
					<name>Hamburger</name>
					<numberingredients>8</numberingredients>
				</burger>
			</menuitem>
		</menu>
		<orderiteminfo>
			<duration>16min</duration>
		</orderiteminfo>
	</orderitem>
	<orderitem orderitemid="573">
		<menu>
			<menuid>351</menuid>
			<name>Chickenburger Menu</name>
			<menuitem menuitemid="1753">
				<burger burgerid="441">
					<name>Chickenburger</name>
					<numberingredients>8</numberingredients>
				</burger>
			</menuitem>
		</menu>
		<orderiteminfo>
			<duration>18min</duration>
		</orderiteminfo>
	</orderitem>
	<orderitem orderitemid="579">
		<menu>
			<menuid>355</menuid>
			<name>Chickenburger Menu</name>
			<menuitem menuitemid="1765">
				<burger burgerid="183">
					<name>Chickenburger</name>
					<numberingredients>9</numberingredients>
				</burger>
			</menuitem>
		</menu>
		<orderiteminfo>
			<duration>15min</duration>
		</orderiteminfo>
	</orderitem>
	<orderitem orderitemid="585">
		<menu>
			<menuid>359</menuid>
			<name>Hamburger Menu</name>
			<menuitem menuitemid="1777">
				<burger burgerid="614">
					<name>Hamburger</name>
					<numberingredients>10</numberingredients>
				</burger>
			</menuitem>
		</menu>
		<orderiteminfo>
			<duration>21min</duration>
		</orderiteminfo>
	</orderitem>
	<orderitem orderitemid="587">
		<menu>
			<menuid>360</menuid>
			<name>Chickenburger Menu</name>
			<menuitem menuitemid="1780">
				<burger burgerid="210">
					<name>Chickenburger</name>
					<numberingredients>8</numberingredients>
				</burger>
			</menuitem>
		</menu>
		<orderiteminfo>
			<duration>20min</duration>
		</orderiteminfo>
	</orderitem>
	<orderitem orderitemid="595">
		<menu>
			<menuid>364</menuid>
			<name>Chickenburger Menu</name>
			<menuitem menuitemid="1792">
				<burger burgerid="288">
					<name>Chickenburger</name>
					<numberingredients>9</numberingredients>
				</burger>
			</menuitem>
		</menu>
		<orderiteminfo>
			<duration>19min</duration>
		</orderiteminfo>
	</orderitem>
	<orderitem orderitemid="598">
		<menu>
			<menuid>365</menuid>
			<name>Cheeseburger Menu</name>
			<menuitem menuitemid="1795">
				<burger burgerid="734">
					<name>Cheeseburger</name>
					<numberingredients>9</numberingredients>
				</burger>
			</menuitem>
		</menu>
		<orderiteminfo>
			<duration>17min</duration>
		</orderiteminfo>
	</orderitem>
	<orderitem orderitemid="599">
		<menu>
			<menuid>366</menuid>
			<name>Cheeseburger Menu</name>
			<menuitem menuitemid="1798">
				<burger burgerid="584">
					<name>Cheeseburger</name>
					<numberingredients>8</numberingredients>
				</burger>
			</menuitem>
		</menu>
		<orderiteminfo>
			<duration>17min</duration>
		</orderiteminfo>
	</orderitem>
	<orderitem orderitemid="601">
		<menu>
			<menuid>367</menuid>
			<name>Hamburger Menu</name>
			<menuitem menuitemid="1801">
				<burger burgerid="285">
					<name>Hamburger</name>
					<numberingredients>8</numberingredients>
				</burger>
			</menuitem>
		</menu>
		<orderiteminfo>
			<duration>19min</duration>
		</orderiteminfo>
	</orderitem>
	<orderitem orderitemid="613">
		<menu>
			<menuid>371</menuid>
			<name>Hamburger Menu</name>
			<menuitem menuitemid="1813">
				<burger burgerid="106">
					<name>Hamburger</name>
					<numberingredients>10</numberingredients>
				</burger>
			</menuitem>
		</menu>
		<orderiteminfo>
			<duration>18min</duration>
		</orderiteminfo>
	</orderitem>
	<orderitem orderitemid="616">
		<menu>
			<menuid>374</menuid>
			<name>Cheeseburger Menu</name>
			<menuitem menuitemid="1822">
				<burger burgerid="729">
					<name>Cheeseburger</name>
					<numberingredients>9</numberingredients>
				</burger>
			</menuitem>
		</menu>
		<orderiteminfo>
			<duration>17min</duration>
		</orderiteminfo>
	</orderitem>
	<orderitem orderitemid="619">
		<menu>
			<menuid>375</menuid>
			<name>Hamburger Menu</name>
			<menuitem menuitemid="1825">
				<burger burgerid="526">
					<name>Hamburger</name>
					<numberingredients>9</numberingredients>
				</burger>
			</menuitem>
		</menu>
		<orderiteminfo>
			<duration>17min</duration>
		</orderiteminfo>
	</orderitem>
	<orderitem orderitemid="620">
		<menu>
			<menuid>376</menuid>
			<name>Cheeseburger Menu</name>
			<menuitem menuitemid="1828">
				<burger burgerid="412">
					<name>Cheeseburger</name>
					<numberingredients>10</numberingredients>
				</burger>
			</menuitem>
		</menu>
		<orderiteminfo>
			<duration>20min</duration>
		</orderiteminfo>
	</orderitem>
	<orderitem orderitemid="628">
		<menu>
			<menuid>379</menuid>
			<name>Cheeseburger Menu</name>
			<menuitem menuitemid="1837">
				<burger burgerid="221">
					<name>Cheeseburger</name>
					<numberingredients>8</numberingredients>
				</burger>
			</menuitem>
		</menu>
		<orderiteminfo>
			<duration>18min</duration>
		</orderiteminfo>
	</orderitem>
	<orderitem orderitemid="630">
		<menu>
			<menuid>380</menuid>
			<name>Chickenburger Menu</name>
			<menuitem menuitemid="1840">
				<burger burgerid="586">
					<name>Chickenburger</name>
					<numberingredients>10</numberingredients>
				</burger>
			</menuitem>
		</menu>
		<orderiteminfo>
			<duration>20min</duration>
		</orderiteminfo>
	</orderitem>
	<orderitem orderitemid="635">
		<menu>
			<menuid>382</menuid>
			<name>Cheeseburger Menu</name>
			<menuitem menuitemid="1846">
				<burger burgerid="434">
					<name>Cheeseburger</name>
					<numberingredients>9</numberingredients>
				</burger>
			</menuitem>
		</menu>
		<orderiteminfo>
			<duration>20min</duration>
		</orderiteminfo>
	</orderitem>
	<orderitem orderitemid="637">
		<menu>
			<menuid>383</menuid>
			<name>Chickenburger Menu</name>
			<menuitem menuitemid="1849">
				<burger burgerid="174">
					<name>Chickenburger</name>
					<numberingredients>8</numberingredients>
				</burger>
			</menuitem>
		</menu>
		<orderiteminfo>
			<duration>21min</duration>
		</orderiteminfo>
	</orderitem>
	<orderitem orderitemid="640">
		<menu>
			<menuid>384</menuid>
			<name>Hamburger Menu</name>
			<menuitem menuitemid="1852">
				<burger burgerid="653">
					<name>Hamburger</name>
					<numberingredients>8</numberingredients>
				</burger>
			</menuitem>
		</menu>
		<orderiteminfo>
			<duration>19min</duration>
		</orderiteminfo>
	</orderitem>
	<orderitem orderitemid="647">
		<menu>
			<menuid>387</menuid>
			<name>Hamburger Menu</name>
			<menuitem menuitemid="1861">
				<burger burgerid="683">
					<name>Hamburger</name>
					<numberingredients>8</numberingredients>
				</burger>
			</menuitem>
		</menu>
		<orderiteminfo>
			<duration>20min</duration>
		</orderiteminfo>
	</orderitem>
	<orderitem orderitemid="653">
		<menu>
			<menuid>390</menuid>
			<name>Hamburger Menu</name>
			<menuitem menuitemid="1870">
				<burger burgerid="227">
					<name>Hamburger</name>
					<numberingredients>8</numberingredients>
				</burger>
			</menuitem>
		</menu>
		<orderiteminfo>
			<duration>21min</duration>
		</orderiteminfo>
	</orderitem>
	<orderitem orderitemid="655">
		<menu>
			<menuid>392</menuid>
			<name>Hamburger Menu</name>
			<menuitem menuitemid="1876">
				<burger burgerid="651">
					<name>Hamburger</name>
					<numberingredients>9</numberingredients>
				</burger>
			</menuitem>
		</menu>
		<orderiteminfo>
			<duration>18min</duration>
		</orderiteminfo>
	</orderitem>
	<orderitem orderitemid="658">
		<menu>
			<menuid>394</menuid>
			<name>Cheeseburger Menu</name>
			<menuitem menuitemid="1882">
				<burger burgerid="669">
					<name>Cheeseburger</name>
					<numberingredients>9</numberingredients>
				</burger>
			</menuitem>
		</menu>
		<orderiteminfo>
			<duration>19min</duration>
		</orderiteminfo>
	</orderitem>
	<orderitem orderitemid="663">
		<menu>
			<menuid>396</menuid>
			<name>Chickenburger Menu</name>
			<menuitem menuitemid="1888">
				<burger burgerid="466">
					<name>Chickenburger</name>
					<numberingredients>10</numberingredients>
				</burger>
			</menuitem>
		</menu>
		<orderiteminfo>
			<duration>19min</duration>
		</orderiteminfo>
	</orderitem>
	<orderitem orderitemid="665">
		<menu>
			<menuid>397</menuid>
			<name>Cheeseburger Menu</name>
			<menuitem menuitemid="1891">
				<burger burgerid="221">
					<name>Cheeseburger</name>
					<numberingredients>8</numberingredients>
				</burger>
			</menuitem>
		</menu>
		<orderiteminfo>
			<duration>20min</duration>
		</orderiteminfo>
	</orderitem>
	<orderitem orderitemid="668">
		<menu>
			<menuid>400</menuid>
			<name>Chickenburger Menu</name>
			<menuitem menuitemid="1900">
				<burger burgerid="606">
					<name>Chickenburger</name>
					<numberingredients>9</numberingredients>
				</burger>
			</menuitem>
		</menu>
		<orderiteminfo>
			<duration>15min</duration>
		</orderiteminfo>
	</orderitem>
	<orderitem orderitemid="683">
		<menu>
			<menuid>406</menuid>
			<name>Chickenburger Menu</name>
			<menuitem menuitemid="1918">
				<burger burgerid="205">
					<name>Chickenburger</name>
					<numberingredients>8</numberingredients>
				</burger>
			</menuitem>
		</menu>
		<orderiteminfo>
			<duration>22min</duration>
		</orderiteminfo>
	</orderitem>
	<orderitem orderitemid="686">
		<menu>
			<menuid>408</menuid>
			<name>Chickenburger Menu</name>
			<menuitem menuitemid="1924">
				<burger burgerid="391">
					<name>Chickenburger</name>
					<numberingredients>9</numberingredients>
				</burger>
			</menuitem>
		</menu>
		<orderiteminfo>
			<duration>18min</duration>
		</orderiteminfo>
	</orderitem>
	<orderitem orderitemid="691">
		<menu>
			<menuid>410</menuid>
			<name>Cheeseburger Menu</name>
			<menuitem menuitemid="1930">
				<burger burgerid="322">
					<name>Cheeseburger</name>
					<numberingredients>9</numberingredients>
				</burger>
			</menuitem>
		</menu>
		<orderiteminfo>
			<duration>18min</duration>
		</orderiteminfo>
	</orderitem>
	<orderitem orderitemid="694">
		<menu>
			<menuid>412</menuid>
			<name>Cheeseburger Menu</name>
			<menuitem menuitemid="1936">
				<burger burgerid="442">
					<name>Cheeseburger</name>
					<numberingredients>9</numberingredients>
				</burger>
			</menuitem>
		</menu>
		<orderiteminfo>
			<duration>19min</duration>
		</orderiteminfo>
	</orderitem>
	<orderitem orderitemid="699">
		<menu>
			<menuid>415</menuid>
			<name>Hamburger Menu</name>
			<menuitem menuitemid="1945">
				<burger burgerid="737">
					<name>Hamburger</name>
					<numberingredients>9</numberingredients>
				</burger>
			</menuitem>
		</menu>
		<orderiteminfo>
			<duration>16min</duration>
		</orderiteminfo>
	</orderitem>
	<orderitem orderitemid="700">
		<menu>
			<menuid>416</menuid>
			<name>Cheeseburger Menu</name>
			<menuitem menuitemid="1948">
				<burger burgerid="758">
					<name>Cheeseburger</name>
					<numberingredients>8</numberingredients>
				</burger>
			</menuitem>
		</menu>
		<orderiteminfo>
			<duration>18min</duration>
		</orderiteminfo>
	</orderitem>
	<orderitem orderitemid="702">
		<menu>
			<menuid>417</menuid>
			<name>Hamburger Menu</name>
			<menuitem menuitemid="1951">
				<burger burgerid="260">
					<name>Hamburger</name>
					<numberingredients>8</numberingredients>
				</burger>
			</menuitem>
		</menu>
		<orderiteminfo>
			<duration>15min</duration>
		</orderiteminfo>
	</orderitem>
	<orderitem orderitemid="715">
		<menu>
			<menuid>421</menuid>
			<name>Chickenburger Menu</name>
			<menuitem menuitemid="1963">
				<burger burgerid="125">
					<name>Chickenburger</name>
					<numberingredients>9</numberingredients>
				</burger>
			</menuitem>
		</menu>
		<orderiteminfo>
			<duration>16min</duration>
		</orderiteminfo>
	</orderitem>
	<orderitem orderitemid="720">
		<menu>
			<menuid>422</menuid>
			<name>Chickenburger Menu</name>
			<menuitem menuitemid="1966">
				<burger burgerid="782">
					<name>Chickenburger</name>
					<numberingredients>8</numberingredients>
				</burger>
			</menuitem>
		</menu>
		<orderiteminfo>
			<duration>20min</duration>
		</orderiteminfo>
	</orderitem>
	<orderitem orderitemid="721">
		<menu>
			<menuid>423</menuid>
			<name>Cheeseburger Menu</name>
			<menuitem menuitemid="1969">
				<burger burgerid="627">
					<name>Cheeseburger</name>
					<numberingredients>9</numberingredients>
				</burger>
			</menuitem>
		</menu>
		<orderiteminfo>
			<duration>21min</duration>
		</orderiteminfo>
	</orderitem>
	<orderitem orderitemid="722">
		<menu>
			<menuid>424</menuid>
			<name>Hamburger Menu</name>
			<menuitem menuitemid="1972">
				<burger burgerid="783">
					<name>Hamburger</name>
					<numberingredients>9</numberingredients>
				</burger>
			</menuitem>
		</menu>
		<orderiteminfo>
			<duration>18min</duration>
		</orderiteminfo>
	</orderitem>
	<orderitem orderitemid="728">
		<menu>
			<menuid>427</menuid>
			<name>Cheeseburger Menu</name>
			<menuitem menuitemid="1981">
				<burger burgerid="221">
					<name>Cheeseburger</name>
					<numberingredients>8</numberingredients>
				</burger>
			</menuitem>
		</menu>
		<orderiteminfo>
			<duration>20min</duration>
		</orderiteminfo>
	</orderitem>
	<orderitem orderitemid="729">
		<menu>
			<menuid>428</menuid>
			<name>Chickenburger Menu</name>
			<menuitem menuitemid="1984">
				<burger burgerid="252">
					<name>Chickenburger</name>
					<numberingredients>10</numberingredients>
				</burger>
			</menuitem>
		</menu>
		<orderiteminfo>
			<duration>17min</duration>
		</orderiteminfo>
	</orderitem>
	<orderitem orderitemid="732">
		<menu>
			<menuid>429</menuid>
			<name>Cheeseburger Menu</name>
			<menuitem menuitemid="1987">
				<burger burgerid="741">
					<name>Cheeseburger</name>
					<numberingredients>8</numberingredients>
				</burger>
			</menuitem>
		</menu>
		<orderiteminfo>
			<duration>21min</duration>
		</orderiteminfo>
	</orderitem>
	<orderitem orderitemid="734">
		<menu>
			<menuid>430</menuid>
			<name>Chickenburger Menu</name>
			<menuitem menuitemid="1990">
				<burger burgerid="708">
					<name>Chickenburger</name>
					<numberingredients>9</numberingredients>
				</burger>
			</menuitem>
		</menu>
		<orderiteminfo>
			<duration>19min</duration>
		</orderiteminfo>
	</orderitem>
	<orderitem orderitemid="737">
		<menu>
			<menuid>432</menuid>
			<name>Hamburger Menu</name>
			<menuitem menuitemid="1996">
				<burger burgerid="597">
					<name>Hamburger</name>
					<numberingredients>10</numberingredients>
				</burger>
			</menuitem>
		</menu>
		<orderiteminfo>
			<duration>17min</duration>
		</orderiteminfo>
	</orderitem>
	<orderitem orderitemid="739">
		<menu>
			<menuid>433</menuid>
			<name>Cheeseburger Menu</name>
			<menuitem menuitemid="1999">
				<burger burgerid="640">
					<name>Cheeseburger</name>
					<numberingredients>9</numberingredients>
				</burger>
			</menuitem>
		</menu>
		<orderiteminfo>
			<duration>19min</duration>
		</orderiteminfo>
	</orderitem>
	<orderitem orderitemid="743">
		<menu>
			<menuid>435</menuid>
			<name>Hamburger Menu</name>
			<menuitem menuitemid="2005">
				<burger burgerid="371">
					<name>Hamburger</name>
					<numberingredients>9</numberingredients>
				</burger>
			</menuitem>
		</menu>
		<orderiteminfo>
			<duration>22min</duration>
		</orderiteminfo>
	</orderitem>
	<orderitem orderitemid="750">
		<menu>
			<menuid>436</menuid>
			<name>Hamburger Menu</name>
			<menuitem menuitemid="2008">
				<burger burgerid="646">
					<name>Hamburger</name>
					<numberingredients>8</numberingredients>
				</burger>
			</menuitem>
		</menu>
		<orderiteminfo>
			<duration>18min</duration>
		</orderiteminfo>
	</orderitem>
	<orderitem orderitemid="753">
		<menu>
			<menuid>437</menuid>
			<name>Chickenburger Menu</name>
			<menuitem menuitemid="2011">
				<burger burgerid="202">
					<name>Chickenburger</name>
					<numberingredients>10</numberingredients>
				</burger>
			</menuitem>
		</menu>
		<orderiteminfo>
			<duration>19min</duration>
		</orderiteminfo>
	</orderitem>
	<orderitem orderitemid="754">
		<menu>
			<menuid>438</menuid>
			<name>Hamburger Menu</name>
			<menuitem menuitemid="2014">
				<burger burgerid="337">
					<name>Hamburger</name>
					<numberingredients>8</numberingredients>
				</burger>
			</menuitem>
		</menu>
		<orderiteminfo>
			<duration>17min</duration>
		</orderiteminfo>
	</orderitem>
	<orderitem orderitemid="756">
		<menu>
			<menuid>439</menuid>
			<name>Cheeseburger Menu</name>
			<menuitem menuitemid="2017">
				<burger burgerid="776">
					<name>Cheeseburger</name>
					<numberingredients>8</numberingredients>
				</burger>
			</menuitem>
		</menu>
		<orderiteminfo>
			<duration>18min</duration>
		</orderiteminfo>
	</orderitem>
	<orderitem orderitemid="760">
		<menu>
			<menuid>440</menuid>
			<name>Cheeseburger Menu</name>
			<menuitem menuitemid="2020">
				<burger burgerid="434">
					<name>Cheeseburger</name>
					<numberingredients>9</numberingredients>
				</burger>
			</menuitem>
		</menu>
		<orderiteminfo>
			<duration>20min</duration>
		</orderiteminfo>
	</orderitem>
	<orderitem orderitemid="762">
		<menu>
			<menuid>441</menuid>
			<name>Hamburger Menu</name>
			<menuitem menuitemid="2023">
				<burger burgerid="530">
					<name>Hamburger</name>
					<numberingredients>9</numberingredients>
				</burger>
			</menuitem>
		</menu>
		<orderiteminfo>
			<duration>20min</duration>
		</orderiteminfo>
	</orderitem>
	<orderitem orderitemid="773">
		<menu>
			<menuid>445</menuid>
			<name>Cheeseburger Menu</name>
			<menuitem menuitemid="2035">
				<burger burgerid="241">
					<name>Cheeseburger</name>
					<numberingredients>9</numberingredients>
				</burger>
			</menuitem>
		</menu>
		<orderiteminfo>
			<duration>18min</duration>
		</orderiteminfo>
	</orderitem>
	<orderitem orderitemid="782">
		<menu>
			<menuid>449</menuid>
			<name>Chickenburger Menu</name>
			<menuitem menuitemid="2047">
				<burger burgerid="195">
					<name>Chickenburger</name>
					<numberingredients>9</numberingredients>
				</burger>
			</menuitem>
		</menu>
		<orderiteminfo>
			<duration>18min</duration>
		</orderiteminfo>
	</orderitem>
	<orderitem orderitemid="785">
		<menu>
			<menuid>450</menuid>
			<name>Cheeseburger Menu</name>
			<menuitem menuitemid="2050">
				<burger burgerid="689">
					<name>Cheeseburger</name>
					<numberingredients>9</numberingredients>
				</burger>
			</menuitem>
		</menu>
		<orderiteminfo>
			<duration>17min</duration>
		</orderiteminfo>
	</orderitem>
	<orderitem orderitemid="789">
		<menu>
			<menuid>452</menuid>
			<name>Cheeseburger Menu</name>
			<menuitem menuitemid="2056">
				<burger burgerid="578">
					<name>Cheeseburger</name>
					<numberingredients>8</numberingredients>
				</burger>
			</menuitem>
		</menu>
		<orderiteminfo>
			<duration>20min</duration>
		</orderiteminfo>
	</orderitem>
	<orderitem orderitemid="802">
		<menu>
			<menuid>463</menuid>
			<name>Hamburger Menu</name>
			<menuitem menuitemid="2089">
				<burger burgerid="497">
					<name>Hamburger</name>
					<numberingredients>9</numberingredients>
				</burger>
			</menuitem>
		</menu>
		<orderiteminfo>
			<duration>17min</duration>
		</orderiteminfo>
	</orderitem>
	<orderitem orderitemid="808">
		<menu>
			<menuid>466</menuid>
			<name>Chickenburger Menu</name>
			<menuitem menuitemid="2098">
				<burger burgerid="763">
					<name>Chickenburger</name>
					<numberingredients>9</numberingredients>
				</burger>
			</menuitem>
		</menu>
		<orderiteminfo>
			<duration>20min</duration>
		</orderiteminfo>
	</orderitem>
	<orderitem orderitemid="812">
		<menu>
			<menuid>468</menuid>
			<name>Cheeseburger Menu</name>
			<menuitem menuitemid="2104">
				<burger burgerid="502">
					<name>Cheeseburger</name>
					<numberingredients>8</numberingredients>
				</burger>
			</menuitem>
		</menu>
		<orderiteminfo>
			<duration>19min</duration>
		</orderiteminfo>
	</orderitem>
	<orderitem orderitemid="816">
		<menu>
			<menuid>469</menuid>
			<name>Chickenburger Menu</name>
			<menuitem menuitemid="2107">
				<burger burgerid="603">
					<name>Chickenburger</name>
					<numberingredients>10</numberingredients>
				</burger>
			</menuitem>
		</menu>
		<orderiteminfo>
			<duration>20min</duration>
		</orderiteminfo>
	</orderitem>
	<orderitem orderitemid="818">
		<menu>
			<menuid>470</menuid>
			<name>Chickenburger Menu</name>
			<menuitem menuitemid="2110">
				<burger burgerid="453">
					<name>Chickenburger</name>
					<numberingredients>9</numberingredients>
				</burger>
			</menuitem>
		</menu>
		<orderiteminfo>
			<duration>20min</duration>
		</orderiteminfo>
	</orderitem>
	<orderitem orderitemid="830">
		<menu>
			<menuid>476</menuid>
			<name>Hamburger Menu</name>
			<menuitem menuitemid="2128">
				<burger burgerid="305">
					<name>Hamburger</name>
					<numberingredients>9</numberingredients>
				</burger>
			</menuitem>
		</menu>
		<orderiteminfo>
			<duration>18min</duration>
		</orderiteminfo>
	</orderitem>
	<orderitem orderitemid="833">
		<menu>
			<menuid>477</menuid>
			<name>Hamburger Menu</name>
			<menuitem menuitemid="2131">
				<burger burgerid="786">
					<name>Hamburger</name>
					<numberingredients>8</numberingredients>
				</burger>
			</menuitem>
		</menu>
		<orderiteminfo>
			<duration>20min</duration>
		</orderiteminfo>
	</orderitem>
	<orderitem orderitemid="836">
		<menu>
			<menuid>479</menuid>
			<name>Chickenburger Menu</name>
			<menuitem menuitemid="2137">
				<burger burgerid="680">
					<name>Chickenburger</name>
					<numberingredients>9</numberingredients>
				</burger>
			</menuitem>
		</menu>
		<orderiteminfo>
			<duration>20min</duration>
		</orderiteminfo>
	</orderitem>
	<orderitem orderitemid="847">
		<menu>
			<menuid>485</menuid>
			<name>Cheeseburger Menu</name>
			<menuitem menuitemid="2155">
				<burger burgerid="584">
					<name>Cheeseburger</name>
					<numberingredients>8</numberingredients>
				</burger>
			</menuitem>
		</menu>
		<orderiteminfo>
			<duration>19min</duration>
		</orderiteminfo>
	</orderitem>
	<orderitem orderitemid="864">
		<menu>
			<menuid>487</menuid>
			<name>Chickenburger Menu</name>
			<menuitem menuitemid="2161">
				<burger burgerid="311">
					<name>Chickenburger</name>
					<numberingredients>8</numberingredients>
				</burger>
			</menuitem>
		</menu>
		<orderiteminfo>
			<duration>19min</duration>
		</orderiteminfo>
	</orderitem>
	<orderitem orderitemid="870">
		<menu>
			<menuid>491</menuid>
			<name>Cheeseburger Menu</name>
			<menuitem menuitemid="2173">
				<burger burgerid="467">
					<name>Cheeseburger</name>
					<numberingredients>9</numberingredients>
				</burger>
			</menuitem>
		</menu>
		<orderiteminfo>
			<duration>20min</duration>
		</orderiteminfo>
	</orderitem>
	<orderitem orderitemid="874">
		<menu>
			<menuid>492</menuid>
			<name>Chickenburger Menu</name>
			<menuitem menuitemid="2176">
				<burger burgerid="660">
					<name>Chickenburger</name>
					<numberingredients>8</numberingredients>
				</burger>
			</menuitem>
		</menu>
		<orderiteminfo>
			<duration>18min</duration>
		</orderiteminfo>
	</orderitem>
</orderitems>